melinda_id	original	publication_year	Count
(FI-MELINDA)000101303	1991-1990	NA	1
(FI-MELINDA)011522523	fin -2010	NA	1
(FI-MELINDA)011521274	    -    	NA	1
(FI-MELINDA)011509654	    	NA	1
(FI-MELINDA)011505746	    	NA	1
(FI-MELINDA)011502752	    	NA	1
(FI-MELINDA)011502749	    	NA	1
(FI-MELINDA)011502748	    	NA	1
(FI-MELINDA)011502747	    	NA	1
(FI-MELINDA)011467141	20uu-9999	NA	1
(FI-MELINDA)017497484	    	NA	1
(FI-MELINDA)017497263	    	NA	1
(FI-MELINDA)017496842	    	NA	1
(FI-MELINDA)017494017	    	NA	1
(FI-MELINDA)017449594	    	NA	1
(FI-MELINDA)005971784	    	NA	1
(FI-MELINDA)005971769	    	NA	1
(FI-MELINDA)005971724	    	NA	1
(FI-MELINDA)005957105	    	NA	1
(FI-MELINDA)005957007	    	NA	1
(FI-MELINDA)005942558	uuuu	NA	1
(FI-MELINDA)005942556	uuuu	NA	1
(FI-MELINDA)005942555	uuuu	NA	1
(FI-MELINDA)005942553	uuuu	NA	1
(FI-MELINDA)005942552	uuuu	NA	1
(FI-MELINDA)005942549	uuuu	NA	1
(FI-MELINDA)005942528	uuuu	NA	1
(FI-MELINDA)005942527	uuuu	NA	1
(FI-MELINDA)005942526	uuuu	NA	1
(FI-MELINDA)005942525	uuuu	NA	1
(FI-MELINDA)005942524	uuuu	NA	1
(FI-MELINDA)005942523	uuuu	NA	1
(FI-MELINDA)005942522	uuuu	NA	1
(FI-MELINDA)005942521	uuuu	NA	1
(FI-MELINDA)005942520	uuuu	NA	1
(FI-MELINDA)005942519	uuuu	NA	1
(FI-MELINDA)005942516	uuuu	NA	1
(FI-MELINDA)005942515	uuuu	NA	1
(FI-MELINDA)005942514	uuuu	NA	1
(FI-MELINDA)005942097	    	NA	1
(FI-MELINDA)005939511	uuuu	NA	1
(FI-MELINDA)005937749	uuuu	NA	1
(FI-MELINDA)005937718	uuuu	NA	1
(FI-MELINDA)005925234	    	NA	1
(FI-MELINDA)018044080	20uu-9999	NA	1
(FI-MELINDA)000609441	uuuu	NA	1
(FI-MELINDA)009879128	    	NA	1
(FI-MELINDA)009873132	    	NA	1
(FI-MELINDA)009857573	    	NA	1
(FI-MELINDA)009857572	    	NA	1
(FI-MELINDA)009804149	200u	NA	1
(FI-MELINDA)009804139	200u	NA	1
(FI-MELINDA)009804059	    	NA	1
(FI-MELINDA)009784869	    	NA	1
(FI-MELINDA)009783793	    	NA	1
(FI-MELINDA)009783792	    	NA	1
(FI-MELINDA)009783788	    	NA	1
(FI-MELINDA)009778882	uuuu	NA	1
(FI-MELINDA)009778488	uuuu	NA	1
(FI-MELINDA)009596388	uuuu	NA	1
(FI-MELINDA)003188174	uuuu	NA	1
(FI-MELINDA)003186573	1991-1990	NA	1
(FI-MELINDA)005311963	uuuu	NA	1
(FI-MELINDA)018142969	2100	NA	1
(FI-MELINDA)018113302	    	NA	1
(FI-MELINDA)018059116	20uu-9999	NA	1
(FI-MELINDA)000715982	uuuu	NA	1
(FI-MELINDA)000713805	uuuu	NA	1
(FI-MELINDA)000730714	uuuu	NA	1
(FI-MELINDA)000730712	uuuu	NA	1
(FI-MELINDA)000728776	1961-1900	NA	1
(FI-MELINDA)000728439	1966-1868	NA	1
(FI-MELINDA)000853467	1927-1923	NA	1
(FI-MELINDA)000608750	uuuu	NA	1
(FI-MELINDA)000740489	1952-1900	NA	1
(FI-MELINDA)011561569	    	NA	1
(FI-MELINDA)011533437	    	NA	1
(FI-MELINDA)006771856	    	NA	1
(FI-MELINDA)006771830	    	NA	1
(FI-MELINDA)006734746	    	NA	1
(FI-MELINDA)006734740	    	NA	1
(FI-MELINDA)006732253	    	NA	1
(FI-MELINDA)006732252	    	NA	1
(FI-MELINDA)006732251	    	NA	1
(FI-MELINDA)006732250	    	NA	1
(FI-MELINDA)006732163	    	NA	1
(FI-MELINDA)006731081	    	NA	1
(FI-MELINDA)006730832	-	NA	1
(FI-MELINDA)006730686	    	NA	1
(FI-MELINDA)006726901	    	NA	1
(FI-MELINDA)006726867	    	NA	1
(FI-MELINDA)006716734	    	NA	1
(FI-MELINDA)006715992	-	NA	1
(FI-MELINDA)006662089	    	NA	1
(FI-MELINDA)006662036	    	NA	1
(FI-MELINDA)006662022	    	NA	1
(FI-MELINDA)006659693	    	NA	1
(FI-MELINDA)006659689	    	NA	1
(FI-MELINDA)006659648	    	NA	1
(FI-MELINDA)006654672	    	NA	1
(FI-MELINDA)006649277	    	NA	1
(FI-MELINDA)006649054	    	NA	1
(FI-MELINDA)006613198	    	NA	1
(FI-MELINDA)006613090	    	NA	1
(FI-MELINDA)006613089	    	NA	1
(FI-MELINDA)006613061	    	NA	1
(FI-MELINDA)006612877	    	NA	1
(FI-MELINDA)006612873	    	NA	1
(FI-MELINDA)006612872	    	NA	1
(FI-MELINDA)006612743	200u-200u	NA	1
(FI-MELINDA)006611710	    	NA	1
(FI-MELINDA)006611633	    	NA	1
(FI-MELINDA)006611030	    	NA	1
(FI-MELINDA)006610698	    	NA	1
(FI-MELINDA)006610404	    	NA	1
(FI-MELINDA)006610392	    	NA	1
(FI-MELINDA)006610334	    	NA	1
(FI-MELINDA)006610306	    	NA	1
(FI-MELINDA)006610210	    	NA	1
(FI-MELINDA)006610176	    	NA	1
(FI-MELINDA)006609569	2002-0020	NA	1
(FI-MELINDA)006609554	2001-0011	NA	1
(FI-MELINDA)006609549	2001-0011	NA	1
(FI-MELINDA)006608990	uuuu-uuuu	NA	1
(FI-MELINDA)015414379	2099	NA	1
(FI-MELINDA)015414371	2100	NA	1
(FI-MELINDA)015324686	||||	NA	1
(FI-MELINDA)015300808	2119	NA	1
(FI-MELINDA)015297529	2319	NA	1
(FI-MELINDA)006117959	    	NA	1
(FI-MELINDA)006117851	    	NA	1
(FI-MELINDA)006117371	    	NA	1
(FI-MELINDA)006116193	200u-9999	NA	1
(FI-MELINDA)006069059	-	NA	1
(FI-MELINDA)006067149	    	NA	1
(FI-MELINDA)006065203	    	NA	1
(FI-MELINDA)006031667	200u-9999	NA	1
(FI-MELINDA)005842680	    	NA	1
(FI-MELINDA)005840141	uuuu-uuuu	NA	1
(FI-MELINDA)005840024	uuuu-uuuu	NA	1
(FI-MELINDA)005840012	uuuu-uuuu	NA	1
(FI-MELINDA)005839874	uuuu-uuuu	NA	1
(FI-MELINDA)005839398	1921-1920	NA	1
(FI-MELINDA)005820579	    	NA	1
(FI-MELINDA)005820350	    	NA	1
(FI-MELINDA)005820338	    	NA	1
(FI-MELINDA)005820200	    	NA	1
(FI-MELINDA)005819863	    	NA	1
(FI-MELINDA)005813701	200u-9999	NA	1
(FI-MELINDA)005810643	2003-2000	NA	1
(FI-MELINDA)005810395	2001-2000	NA	1
(FI-MELINDA)005807826	    -    	NA	1
(FI-MELINDA)005586466	uuuu	NA	1
(FI-MELINDA)017913172	2099	NA	1
(FI-MELINDA)017758468	2099	NA	1
(FI-MELINDA)017758457	2099	NA	1
(FI-MELINDA)018778366	    	NA	1
(FI-MELINDA)018777810	199u-200u	NA	1
(FI-MELINDA)018777711	199u-199u	NA	1
(FI-MELINDA)018774769	199u-199u	NA	1
(FI-MELINDA)018767321	198u-199u	NA	1
(FI-MELINDA)018767283	199u-9999	NA	1
(FI-MELINDA)018767248	199u-200u	NA	1
(FI-MELINDA)018766336	    	NA	1
(FI-MELINDA)018765481	2099	NA	1
(FI-MELINDA)018765466	199u-9999	NA	1
(FI-MELINDA)018765305	uuuu	NA	1
(FI-MELINDA)018765164	199u-9999	NA	1
(FI-MELINDA)018765122	uuuu	NA	1
(FI-MELINDA)018751186	    	NA	1
(FI-MELINDA)018744408	    	NA	1
(FI-MELINDA)018744406	    	NA	1
(FI-MELINDA)018744403	    	NA	1
(FI-MELINDA)018744402	    	NA	1
(FI-MELINDA)018724407	2099	NA	1
(FI-MELINDA)018723847	2099	NA	1
(FI-MELINDA)018723846	2099	NA	1
(FI-MELINDA)018721467	2099	NA	1
(FI-MELINDA)018711143	2099	NA	1
(FI-MELINDA)000924830	uuuu	NA	1
(FI-MELINDA)000958337	u   -u   	NA	1
(FI-MELINDA)006022941	1976-1900	NA	1
(FI-MELINDA)006022554	1959-1900	NA	1
(FI-MELINDA)006018913	20uu-9999	NA	1
(FI-MELINDA)006017459	-	NA	1
(FI-MELINDA)006012338	    	NA	1
(FI-MELINDA)006010837	    	NA	1
(FI-MELINDA)006010785	    	NA	1
(FI-MELINDA)006010267	-	NA	1
(FI-MELINDA)006004569	    	NA	1
(FI-MELINDA)005992754	    	NA	1
(FI-MELINDA)005992749	    	NA	1
(FI-MELINDA)005988610	    	NA	1
(FI-MELINDA)005987316	    	NA	1
(FI-MELINDA)005982523	    	NA	1
(FI-MELINDA)000491512	1943-1941	NA	1
(FI-MELINDA)000486626	2005-2000	NA	1
(FI-MELINDA)003162130	9209	NA	1
(FI-MELINDA)003148710	uuuu	NA	1
(FI-MELINDA)003148709	uuuu	NA	1
(FI-MELINDA)016580073	    	NA	1
(FI-MELINDA)016565012	    	NA	1
(FI-MELINDA)016563776	    	NA	1
(FI-MELINDA)016563725	2120	NA	1
(FI-MELINDA)016511997	2120	NA	1
(FI-MELINDA)016338993	    	NA	1
(FI-MELINDA)016211809	2119	NA	1
(FI-MELINDA)015591170	    	NA	1
(FI-MELINDA)001533963	uuuu	NA	1
(FI-MELINDA)006392452	-	NA	1
(FI-MELINDA)006374888	    	NA	1
(FI-MELINDA)006221535	    	NA	1
(FI-MELINDA)006210813	    	NA	1
(FI-MELINDA)006208753	    	NA	1
(FI-MELINDA)006208271	    	NA	1
(FI-MELINDA)006195985	    	NA	1
(FI-MELINDA)006192981	9206	NA	1
(FI-MELINDA)006191771	    	NA	1
(FI-MELINDA)006191715	    	NA	1
(FI-MELINDA)006181664	    	NA	1
(FI-MELINDA)006168039	    	NA	1
(FI-MELINDA)006149798	    	NA	1
(FI-MELINDA)000777502	199u-9999	NA	1
(FI-MELINDA)009593281	    	NA	1
(FI-MELINDA)009593222	    	NA	1
(FI-MELINDA)009591889	    	NA	1
(FI-MELINDA)009588244	    	NA	1
(FI-MELINDA)009588243	    	NA	1
(FI-MELINDA)009588242	    	NA	1
(FI-MELINDA)009588241	    	NA	1
(FI-MELINDA)009588240	    	NA	1
(FI-MELINDA)009588239	    	NA	1
(FI-MELINDA)009588238	    	NA	1
(FI-MELINDA)009587739	    	NA	1
(FI-MELINDA)009584026	    	NA	1
(FI-MELINDA)009584015	    	NA	1
(FI-MELINDA)009582584	    	NA	1
(FI-MELINDA)009582558	    	NA	1
(FI-MELINDA)009582543	    	NA	1
(FI-MELINDA)009578877	    	NA	1
(FI-MELINDA)009578853	    	NA	1
(FI-MELINDA)009578369	    	NA	1
(FI-MELINDA)009578368	    	NA	1
(FI-MELINDA)009578367	    	NA	1
(FI-MELINDA)009375601	    	NA	1
(FI-MELINDA)009375586	    	NA	1
(FI-MELINDA)009372536	    	NA	1
(FI-MELINDA)009370646	uuuu	NA	1
(FI-MELINDA)009242811	    	NA	1
(FI-MELINDA)009242810	    	NA	1
(FI-MELINDA)009241882	    	NA	1
(FI-MELINDA)009240732	    	NA	1
(FI-MELINDA)009240731	    	NA	1
(FI-MELINDA)009240728	    	NA	1
(FI-MELINDA)009240727	    	NA	1
(FI-MELINDA)009240124	    	NA	1
(FI-MELINDA)009232691	    	NA	1
(FI-MELINDA)009232194	    	NA	1
(FI-MELINDA)009232192	    	NA	1
(FI-MELINDA)009232191	    	NA	1
(FI-MELINDA)009232190	    	NA	1
(FI-MELINDA)009232189	    	NA	1
(FI-MELINDA)009232188	    	NA	1
(FI-MELINDA)009232174	    	NA	1
(FI-MELINDA)009230748	    	NA	1
(FI-MELINDA)009230745	    	NA	1
(FI-MELINDA)009230742	    	NA	1
(FI-MELINDA)009230740	    	NA	1
(FI-MELINDA)001261887	uuuu	NA	1
75738	uuuu	NA	1
(FI-MELINDA)001261853	uuuu	NA	1
110674	uuuu	NA	1
(FI-MELINDA)001261313	1971-1900	NA	1
(FI-MELINDA)000940718	uuuu	NA	1
(FI-MELINDA)007325233	    	NA	1
(FI-MELINDA)007316297	    	NA	1
(FI-MELINDA)007143799	    	NA	1
(FI-MELINDA)007143790	    	NA	1
(FI-MELINDA)007061288	    	NA	1
(FI-MELINDA)000638364	uuuu	NA	1
(FI-MELINDA)000676594	1980-1900	NA	1
(FI-MELINDA)000696337	uuuu	NA	1
(FI-MELINDA)006578911	uuuu	NA	1
(FI-MELINDA)006578813	1949-1900	NA	1
(FI-MELINDA)006578812	1947-1900	NA	1
(FI-MELINDA)006577873	uuuu-9999	NA	1
(FI-MELINDA)006577852	uuuu-9999	NA	1
(FI-MELINDA)017595788	uuuu-||||	NA	1
(FI-MELINDA)017570488	    	NA	1
(FI-MELINDA)017560595	2099	NA	1
(FI-MELINDA)017560417	19uu	NA	1
(FI-MELINDA)017548533	2319	NA	1
(FI-MELINDA)017547804	2099	NA	1
(FI-MELINDA)000913099	uuuu	NA	1
(FI-MELINDA)006135651	1955-1900	NA	1
(FI-MELINDA)006135283	1980-1900	NA	1
(FI-MELINDA)006134919	1980-1900	NA	1
(FI-MELINDA)006132145	19uu	NA	1
(FI-MELINDA)006132133	    	NA	1
(FI-MELINDA)006132131	    	NA	1
(FI-MELINDA)006132130	    	NA	1
(FI-MELINDA)006132129	    	NA	1
(FI-MELINDA)006123897	    	NA	1
(FI-MELINDA)006122655	    	NA	1
(FI-MELINDA)000794650	1944-1900	NA	1
(FI-MELINDA)005651808	1969-1900	NA	1
(FI-MELINDA)005651771	    	NA	1
(FI-MELINDA)005651337	199u-9999	NA	1
(FI-MELINDA)005649872	200u	NA	1
(FI-MELINDA)005646067	    	NA	1
(FI-MELINDA)005645928	200u	NA	1
(FI-MELINDA)005615616	200u-9999	NA	1
(FI-MELINDA)003021633	uuuu	NA	1
(FI-MELINDA)002981820	2002-2000	NA	1
(FI-MELINDA)002981388	uuuu	NA	1
(FI-MELINDA)013197923	201u	NA	1
(FI-MELINDA)012267756	199u-9999	NA	1
(FI-MELINDA)006984052	    	NA	1
(FI-MELINDA)006984024	    	NA	1
(FI-MELINDA)006945142	    	NA	1
(FI-MELINDA)006896728	    	NA	1
(FI-MELINDA)006845588	    	NA	1
(FI-MELINDA)006843185	    	NA	1
(FI-MELINDA)006842702	    	NA	1
(FI-MELINDA)006841885	    	NA	1
(FI-MELINDA)006838343	    	NA	1
(FI-MELINDA)006833797	    	NA	1
(FI-MELINDA)006833792	    	NA	1
(FI-MELINDA)006826994	200u-9999	NA	1
(FI-MELINDA)006824380	    	NA	1
(FI-MELINDA)006824379	    	NA	1
(FI-MELINDA)006814720	    	NA	1
(FI-MELINDA)006814719	    	NA	1
(FI-MELINDA)006814718	    	NA	1
(FI-MELINDA)006814717	    	NA	1
(FI-MELINDA)006814716	    	NA	1
(FI-MELINDA)006814715	    	NA	1
(FI-MELINDA)006813561	    	NA	1
(FI-MELINDA)006812170	    	NA	1
(FI-MELINDA)006812169	    	NA	1
(FI-MELINDA)006809644	    	NA	1
(FI-MELINDA)006809639	    	NA	1
(FI-MELINDA)006803346	    	NA	1
(FI-MELINDA)006780838	    	NA	1
(FI-MELINDA)006780837	    	NA	1
(FI-MELINDA)006779735	    	NA	1
(FI-MELINDA)005917247	    	NA	1
(FI-MELINDA)005912928	19uu	NA	1
(FI-MELINDA)005907824	1916-1900	NA	1
(FI-MELINDA)005905460	200u-9999	NA	1
(FI-MELINDA)005905152	1942-1900	NA	1
(FI-MELINDA)005905120	1919-1900	NA	1
(FI-MELINDA)005903511	1907-1900	NA	1
(FI-MELINDA)005902638	200u-9999	NA	1
(FI-MELINDA)005900139	1933-1900	NA	1
(FI-MELINDA)005900138	1933-1900	NA	1
(FI-MELINDA)005899446	197u-9999	NA	1
(FI-MELINDA)005890307	199u-9999	NA	1
(FI-MELINDA)005890282	uuuu	NA	1
(FI-MELINDA)005890279	uuuu	NA	1
(FI-MELINDA)005888387	    	NA	1
(FI-MELINDA)005886694	1975-1900	NA	1
(FI-MELINDA)005864534	19uu	NA	1
(FI-MELINDA)005854757	    -    	NA	1
(FI-MELINDA)005851895	2005-2000	NA	1
(FI-MELINDA)005851673	2002-2000	NA	1
(FI-MELINDA)005851145	1915-1900	NA	1
(FI-MELINDA)011323856	19uu-19uu	NA	1
(FI-MELINDA)011114698	    	NA	1
(FI-MELINDA)011114697	    	NA	1
(FI-MELINDA)011114687	    	NA	1
(FI-MELINDA)010172337	    	NA	1
(FI-MELINDA)009884536	    	NA	1
(FI-MELINDA)009883511	    	NA	1
(FI-MELINDA)009883510	    	NA	1
(FI-MELINDA)009883509	    	NA	1
(FI-MELINDA)009883508	    	NA	1
(FI-MELINDA)009883507	    	NA	1
(FI-MELINDA)009883506	    	NA	1
(FI-MELINDA)009883505	    	NA	1
(FI-MELINDA)009883504	    	NA	1
(FI-MELINDA)009883503	    	NA	1
(FI-MELINDA)009883502	    	NA	1
(FI-MELINDA)009883501	    	NA	1
(FI-MELINDA)009883500	    	NA	1
(FI-MELINDA)009883499	    	NA	1
(FI-MELINDA)009883498	    	NA	1
(FI-MELINDA)009883497	    	NA	1
(FI-MELINDA)009883496	    	NA	1
(FI-MELINDA)009883495	    	NA	1
(FI-MELINDA)009883494	    	NA	1
(FI-MELINDA)009883493	    	NA	1
(FI-MELINDA)009883492	    	NA	1
(FI-MELINDA)009883491	    	NA	1
(FI-MELINDA)009883490	    	NA	1
(FI-MELINDA)009883488	    	NA	1
(FI-MELINDA)009883487	    	NA	1
(FI-MELINDA)009883486	    	NA	1
(FI-MELINDA)009883485	    	NA	1
(FI-MELINDA)009883484	    	NA	1
(FI-MELINDA)009883483	    	NA	1
(FI-MELINDA)009883482	    	NA	1
(FI-MELINDA)009883481	    	NA	1
(FI-MELINDA)009883480	    	NA	1
(FI-MELINDA)009883479	    	NA	1
(FI-MELINDA)009883478	    	NA	1
(FI-MELINDA)009883477	    	NA	1
(FI-MELINDA)009883476	    	NA	1
(FI-MELINDA)009883475	    	NA	1
(FI-MELINDA)009883474	    	NA	1
(FI-MELINDA)009883473	    	NA	1
(FI-MELINDA)009883472	    	NA	1
(FI-MELINDA)009883471	    	NA	1
(FI-MELINDA)009883469	    	NA	1
(FI-MELINDA)000972266	uuuu	NA	1
(FI-MELINDA)000971816	uuuu	NA	1
(FI-MELINDA)000971803	uuuu	NA	1
(FI-MELINDA)000971801	uuuu	NA	1
(FI-MELINDA)000971769	uuuu	NA	1
(FI-MELINDA)000971734	uuuu	NA	1
(FI-MELINDA)000971708	uuuu	NA	1
(FI-MELINDA)000971689	uuuu	NA	1
(FI-MELINDA)000971684	uuuu	NA	1
(FI-MELINDA)000971674	uuuu	NA	1
(FI-MELINDA)000971647	uuuu	NA	1
(FI-MELINDA)000971584	1977-1900	NA	1
(FI-MELINDA)000971404	uuuu	NA	1
(FI-MELINDA)000967972	2001-2000	NA	1
(FI-MELINDA)000822172	1914-1900	NA	1
(FI-MELINDA)002318056	uuuu	NA	1
(FI-MELINDA)000814214	1912-1900	NA	1
(FI-MELINDA)005693193	    	NA	1
(FI-MELINDA)005693189	    	NA	1
(FI-MELINDA)005693186	    	NA	1
(FI-MELINDA)005675381	9207	NA	1
(FI-MELINDA)005662670	    	NA	1
(FI-MELINDA)005654393	2008-2000	NA	1
(FI-MELINDA)005652046	1886-1885	NA	1
(FI-MELINDA)012220148	2099	NA	1
(FI-MELINDA)011640072	    	NA	1
(FI-MELINDA)007053697	    	NA	1
(FI-MELINDA)007053690	    	NA	1
(FI-MELINDA)007052661	    	NA	1
(FI-MELINDA)007051775	    	NA	1
(FI-MELINDA)007051741	    	NA	1
(FI-MELINDA)007051735	    	NA	1
(FI-MELINDA)007051321	    	NA	1
(FI-MELINDA)007050974	    	NA	1
(FI-MELINDA)007050973	    	NA	1
(FI-MELINDA)007050972	    	NA	1
(FI-MELINDA)007050169	    	NA	1
(FI-MELINDA)007050158	    	NA	1
(FI-MELINDA)007050156	    	NA	1
(FI-MELINDA)007050155	    	NA	1
(FI-MELINDA)007050149	    	NA	1
(FI-MELINDA)007050122	    	NA	1
(FI-MELINDA)007050088	    	NA	1
(FI-MELINDA)007047192	    	NA	1
(FI-MELINDA)007045963	    	NA	1
(FI-MELINDA)007045948	    	NA	1
(FI-MELINDA)007045505	    	NA	1
(FI-MELINDA)007044923	    	NA	1
(FI-MELINDA)007042079	    	NA	1
(FI-MELINDA)007042078	    	NA	1
(FI-MELINDA)007042077	    	NA	1
(FI-MELINDA)007042076	    	NA	1
(FI-MELINDA)007042075	    	NA	1
(FI-MELINDA)007042071	    	NA	1
(FI-MELINDA)007042069	    	NA	1
(FI-MELINDA)007042058	    	NA	1
(FI-MELINDA)007041953	    	NA	1
(FI-MELINDA)007041942	    	NA	1
(FI-MELINDA)007037849	    	NA	1
(FI-MELINDA)007035685	    	NA	1
(FI-MELINDA)007035684	    	NA	1
(FI-MELINDA)007026962	    	NA	1
(FI-MELINDA)007025936	    	NA	1
(FI-MELINDA)007022313	    	NA	1
(FI-MELINDA)007019470	    	NA	1
(FI-MELINDA)007019468	    	NA	1
(FI-MELINDA)007012814	    	NA	1
(FI-MELINDA)007012813	    	NA	1
(FI-MELINDA)007012798	    	NA	1
(FI-MELINDA)007012797	    	NA	1
(FI-MELINDA)007012796	    	NA	1
(FI-MELINDA)007012795	    	NA	1
(FI-MELINDA)007012794	    	NA	1
(FI-MELINDA)007012793	    	NA	1
(FI-MELINDA)007012792	    	NA	1
(FI-MELINDA)007012791	    	NA	1
(FI-MELINDA)007012790	    	NA	1
(FI-MELINDA)007012788	    	NA	1
(FI-MELINDA)007012787	    	NA	1
(FI-MELINDA)007008291	    	NA	1
(FI-MELINDA)007007692	    	NA	1
(FI-MELINDA)007007685	    	NA	1
(FI-MELINDA)007005965	    	NA	1
(FI-MELINDA)007005964	    	NA	1
(FI-MELINDA)007005963	    	NA	1
(FI-MELINDA)007002254	    	NA	1
(FI-MELINDA)007000379	    	NA	1
(FI-MELINDA)002808502	1978-1900	NA	1
(FI-MELINDA)003332867	2001-2000	NA	1
(FI-MELINDA)006572704	uuuu	NA	1
(FI-MELINDA)006572610	9209	NA	1
(FI-MELINDA)006572609	9209	NA	1
(FI-MELINDA)006572606	9207	NA	1
(FI-MELINDA)006572603	9207	NA	1
(FI-MELINDA)006572602	9207	NA	1
(FI-MELINDA)006572601	9207	NA	1
(FI-MELINDA)006572600	9207	NA	1
(FI-MELINDA)006569923	    	NA	1
(FI-MELINDA)006560523	    	NA	1
(FI-MELINDA)006553518	    	NA	1
(FI-MELINDA)006550463	    	NA	1
(FI-MELINDA)006550457	    	NA	1
(FI-MELINDA)006532981	    	NA	1
(FI-MELINDA)006532407	uuuu	NA	1
(FI-MELINDA)006532272	    	NA	1
(FI-MELINDA)006531713	19uu	NA	1
(FI-MELINDA)006515515	    	NA	1
(FI-MELINDA)006514942	    	NA	1
(FI-MELINDA)006514880	    	NA	1
(FI-MELINDA)006514287	    	NA	1
(FI-MELINDA)006486773	    	NA	1
(FI-MELINDA)006486764	    	NA	1
(FI-MELINDA)005240321	2004-2000	NA	1
(FI-MELINDA)000688442	uuuu	NA	1
(FI-MELINDA)000681054	1943-1900	NA	1
(FI-MELINDA)000679446	1988-1987	NA	1
(FI-MELINDA)000807402	1986-1900	NA	1
(FI-MELINDA)000807123	19uu-9999	NA	1
(FI-MELINDA)000884073	uuuu	NA	1
(FI-MELINDA)000883656	175u	NA	1
(FI-MELINDA)000879978	1906-1900	NA	1
(FI-MELINDA)000879031	1997-1996	NA	1
(FI-MELINDA)003244788	198u-9999	NA	1
(FI-MELINDA)000839821	uuuu	NA	1
(FI-MELINDA)000834400	1926-1925	NA	1
(FI-MELINDA)000833583	1924-1900	NA	1
(FI-MELINDA)018264501	197u-199u	NA	1
(FI-MELINDA)018261929	2099	NA	1
(FI-MELINDA)018259606	2099	NA	1
(FI-MELINDA)018259604	2099	NA	1
(FI-MELINDA)018241125	    	NA	1
(FI-MELINDA)000761190	198u	NA	1
(FI-MELINDA)000776829	uuuu	NA	1
(FI-MELINDA)000772266	uuuu	NA	1
(FI-MELINDA)009230266	    	NA	1
(FI-MELINDA)009230265	    	NA	1
(FI-MELINDA)009229539	    	NA	1
(FI-MELINDA)009226352	    	NA	1
(FI-MELINDA)009226338	    	NA	1
(FI-MELINDA)009225840	-	NA	1
(FI-MELINDA)009157961	    	NA	1
(FI-MELINDA)009157909	    	NA	1
(FI-MELINDA)009157013	    	NA	1
(FI-MELINDA)009123258	    	NA	1
(FI-MELINDA)009121518	    	NA	1
(FI-MELINDA)009121114	    	NA	1
(FI-MELINDA)008831508	    	NA	1
(FI-MELINDA)008831461	    	NA	1
(FI-MELINDA)004413862	uuuu	NA	1
(FI-MELINDA)004086542	196?-9999	NA	1
(FI-MELINDA)000982198	2008-2000	NA	1
(FI-MELINDA)000979800	2008-2000	NA	1
(FI-MELINDA)000973392	2006-2000	NA	1
(FI-MELINDA)018677600	2099	NA	1
(FI-MELINDA)018641746	2099	NA	1
(FI-MELINDA)018641694	2099	NA	1
(FI-MELINDA)005773065	2008-2000	NA	1
(FI-MELINDA)005772850	2001-2000	NA	1
(FI-MELINDA)005763672	199u-9999	NA	1
(FI-MELINDA)005752652	200u-9999	NA	1
(FI-MELINDA)017536034	2099	NA	1
(FI-MELINDA)017535817	    	NA	1
(FI-MELINDA)006486730	    	NA	1
(FI-MELINDA)006458703	1994-1990	NA	1
(FI-MELINDA)006454204	    	NA	1
(FI-MELINDA)006408568	    	NA	1
(FI-MELINDA)018220551	2099	NA	1
(FI-MELINDA)018201964	    	NA	1
(FI-MELINDA)018200186	20uu-9999	NA	1
(FI-MELINDA)018199429	2099	NA	1
(FI-MELINDA)018175290	    	NA	1
(FI-MELINDA)018175234	2099	NA	1
(FI-MELINDA)018175217	2099	NA	1
(FI-MELINDA)018175097	2099	NA	1
(FI-MELINDA)018175093	2099	NA	1
(FI-MELINDA)018174966	2099	NA	1
(FI-MELINDA)018174129	2099	NA	1
(FI-MELINDA)018174064	2099	NA	1
(FI-MELINDA)018157478	    	NA	1
(FI-MELINDA)017442874	196?-9999	NA	1
(FI-MELINDA)017439832	2099	NA	1
(FI-MELINDA)017439827	2099	NA	1
(FI-MELINDA)017439811	2099	NA	1
(FI-MELINDA)017431085	2099	NA	1
(FI-MELINDA)017429784	    	NA	1
(FI-MELINDA)017429775	2099	NA	1
(FI-MELINDA)017427356	2099	NA	1
(FI-MELINDA)017427306	2099	NA	1
(FI-MELINDA)017426659	2099	NA	1
(FI-MELINDA)017426655	2099	NA	1
(FI-MELINDA)017426637	2099	NA	1
(FI-MELINDA)017425863	2099	NA	1
(FI-MELINDA)017425860	2099	NA	1
(FI-MELINDA)017425857	2099	NA	1
(FI-MELINDA)017425855	2099	NA	1
(FI-MELINDA)017425853	2099	NA	1
(FI-MELINDA)017402791	2099	NA	1
(FI-MELINDA)017396221	20uu-9999	NA	1
(FI-MELINDA)017384835	20uu-9999	NA	1
(FI-MELINDA)017381130	20uu-9999	NA	1
(FI-MELINDA)017361958	2099	NA	1
(FI-MELINDA)017242553	20uu-9999	NA	1
(FI-MELINDA)017242552	20uu-9999	NA	1
(FI-MELINDA)017242550	20uu-9999	NA	1
(FI-MELINDA)017242518	20uu-9999	NA	1
(FI-MELINDA)017145636	    	NA	1
(FI-MELINDA)000935833	uuuu	NA	1
(FI-MELINDA)000931574	uuuu	NA	1
(FI-MELINDA)016718015	    	NA	1
(FI-MELINDA)016717872	    	NA	1
(FI-MELINDA)016716395	    	NA	1
(FI-MELINDA)016716216	    	NA	1
(FI-MELINDA)016716215	    	NA	1
(FI-MELINDA)016716214	    	NA	1
(FI-MELINDA)016680825	    	NA	1
(FI-MELINDA)016673802	    	NA	1
(FI-MELINDA)016673782	    	NA	1
(FI-MELINDA)016673781	    	NA	1
(FI-MELINDA)016673779	    	NA	1
(FI-MELINDA)016673778	    	NA	1
(FI-MELINDA)016673776	    	NA	1
(FI-MELINDA)016673717	    	NA	1
(FI-MELINDA)016673715	    	NA	1
(FI-MELINDA)016673701	    	NA	1
(FI-MELINDA)016673700	    	NA	1
(FI-MELINDA)016673677	    	NA	1
(FI-MELINDA)016673648	    	NA	1
(FI-MELINDA)016606102	||||	NA	1
(FI-MELINDA)016606101	||||	NA	1
(FI-MELINDA)016606097	||||	NA	1
(FI-MELINDA)016606071	||||	NA	1
(FI-MELINDA)016606069	||||	NA	1
(FI-MELINDA)016606056	||||	NA	1
(FI-MELINDA)000705280	uuuu	NA	1
(FI-MELINDA)016788648	    	NA	1
(FI-MELINDA)016788023	2099	NA	1
(FI-MELINDA)016787482	2119	NA	1
(FI-MELINDA)016786338	    	NA	1
(FI-MELINDA)016782971	2013-1897	NA	1
(FI-MELINDA)000529018	2007-2000	NA	1
(FI-MELINDA)000527813	2007-2000	NA	1
(FI-MELINDA)000905586	uuuu	NA	1
(FI-MELINDA)000897350	uuuu	NA	1
