Name	Count	Percentage
Finnish	777706	65.47
English	128669	10.83
Swedish	110307	 9.29
Undetermined	 50510	 4.25
Finnish;Swedish	 27330	 2.30
German	 13954	 1.17
Finnish;English	 12244	 1.03
Latin	  9954	 0.84
Finnish;Swedish;English	  6972	 0.59
Russian	  4886	 0.41
Multiple languages	  4360	 0.37
French	  3600	 0.30
English;Finnish	  3001	 0.25
Swedish;Finnish	  2454	 0.21
Finnish;German	  1763	 0.15
Estonian	  1543	 0.13
Danish	  1483	 0.12
Norwegian	  1237	 0.10
German;Finnish	  1164	 0.10
Finnish;Swedish;English;German	  1125	 0.09
Spanish	   866	 0.07
Finnish;Russian	   855	 0.07
Italian	   738	 0.06
Latin;Swedish	   647	 0.05
Hungarian	   620	 0.05
Finnish;French	   570	 0.05
Russian;Finnish	   532	 0.04
Swedish;English	   516	 0.04
Sami	   479	 0.04
French;Finnish	   475	 0.04
Dutch	   455	 0.04
Finnish;Latin	   418	 0.04
English;German	   408	 0.03
Swedish;Danish;Norwegian	   399	 0.03
Polish	   369	 0.03
Swedish;Latin	   366	 0.03
Japanese	   338	 0.03
Czech	   327	 0.03
Spanish;Finnish	   299	 0.03
Karelian	   297	 0.03
Latin;Greek, Ancient (to 1453)	   285	 0.02
Finnish;English;German	   280	 0.02
English;Swedish	   269	 0.02
Finnish;Swedish;English;German;Russian	   252	 0.02
Finnish;Estonian	   226	 0.02
Latvian	   208	 0.02
Afroasiatic (Other)	   193	 0.02
English;French	   193	 0.02
Finnish;English;Russian	   190	 0.02
Finnish;Italian	   188	 0.02
Finnish;Swedish;Multiple languages	   177	 0.01
Finno-Ugrian (Other)	   169	 0.01
Finnish;Spanish	   163	 0.01
Lithuanian	   161	 0.01
Finnish;Swedish;German	   153	 0.01
Latin;French	   152	 0.01
Finnish;English;Swedish	   151	 0.01
German;Swedish	   149	 0.01
Latin;Finnish	   149	 0.01
English;Russian	   143	 0.01
Esperanto	   143	 0.01
Swedish;German	   142	 0.01
Icelandic	   133	 0.01
Sami;Northern Sami	   129	 0.01
Finnish;Sami	   127	 0.01
Finnish;Swedish;English;German;French	   123	 0.01
Portuguese	   119	 0.01
Finnish;Swedish;French	   116	 0.01
Finnish;English;French	   115	 0.01
Northern Sami	   113	 0.01
Danish;Norwegian;Swedish	   112	 0.01
English;German;French	   111	 0.01
Italian;Finnish	   108	 0.01
Swedish;French	   108	 0.01
Chinese	   107	 0.01
Bulgarian	   100	 0.01
Finnish;Hungarian	    95	 0.01
Turkish	    93	 0.01
Finnish;Norwegian	    91	 0.01
Slovenian	    86	 0.01
Swedish;Russian	    85	 0.01
Swedish;Finnish;English	    81	 0.01
Finnish;Swedish;Russian	    80	 0.01
Romanian	    79	 0.01
Latin;German	    78	 0.01
German;English	    76	 0.01
Swedish;Norwegian	    76	 0.01
Slovak	    74	 0.01
Finnish;Swedish;Latin	    72	 0.01
Estonian;Finnish	    71	 0.01
Swedish;Norwegian;Danish	    71	 0.01
Finnish;Swedish;Danish;Norwegian	    65	 0.01
Swedish;Danish	    65	 0.01
Latin;Greek, Ancient (to 1453);Swedish	    64	 0.01
Finnish;Japanese	    63	 0.01
French;English	    63	 0.01
Finnish;Esperanto	    62	 0.01
Finnish;Swedish;English;Russian	    61	 0.01
Ukrainian	    56	 0.00
Tatar	    55	 0.00
Croatian	    54	 0.00
Sami;Inari Sami	    54	 0.00
Finnish;Arabic	    53	 0.00
Finnish;Swedish;English;German;French;Russian	    51	 0.00
Greek, Modern (1453-)	    51	 0.00
Ndonga	    51	 0.00
English;French;German	    50	 0.00
Finnish;Swedish;English;French	    50	 0.00
Hebrew	    49	 0.00
French;Swedish	    48	 0.00
English;Finnish;Swedish	    47	 0.00
Finnish;Finno-Ugrian (Other)	    47	 0.00
Arabic	    46	 0.00
Finnish;Chinese	    44	 0.00
Hungarian;Finnish	    44	 0.00
Russian;English	    43	 0.00
Finnish;Swedish;English;French;German;Russian	    42	 0.00
Swedish;English;German	    42	 0.00
Somali	    41	 0.00
Latin;Swedish;Greek, Ancient (to 1453)	    40	 0.00
Albanian	    39	 0.00
English;Chinese	    39	 0.00
Finnish;Greek, Modern (1453-)	    39	 0.00
Finnish;Karelian	    39	 0.00
Russian;Swedish	    38	 0.00
Afrikaans	    37	 0.00
Swedish;Danish;Norwegian;English	    37	 0.00
Danish;Swedish	    35	 0.00
Finnish;Danish	    35	 0.00
Persian	    35	 0.00
Finnish;English;German;French	    34	 0.00
English;Akkadian	    33	 0.00
Finnish;Swedish;English;French;German	    33	 0.00
Finnish;Hebrew	    32	 0.00
Finnish;Portuguese	    32	 0.00
Serbian	    32	 0.00
Estonian;English	    30	 0.00
Latin;Swedish;Finnish	    30	 0.00
Finnish;German;French	    29	 0.00
Mari	    29	 0.00
Norwegian;Swedish	    29	 0.00
Sami;Finnish	    29	 0.00
Danish;Swedish;Norwegian	    28	 0.00
German;French	    28	 0.00
Japanese;Finnish	    28	 0.00
English;Latin	    27	 0.00
English;Swedish;Finnish	    27	 0.00
Finnish;Somali	    27	 0.00
Finnish;Undetermined	    27	 0.00
Latin;Persian	    27	 0.00
Finnish;English;German;Russian	    26	 0.00
Finnish;Multiple languages	    26	 0.00
Portuguese;Finnish	    26	 0.00
Finnish;Swedish;Norwegian	    25	 0.00
German;Latin	    25	 0.00
Latin;Swedish;French	    25	 0.00
Finnish;Persian	    24	 0.00
Latin;French;Swedish	    24	 0.00
English;Italian	    23	 0.00
Finnish;English;Estonian	    23	 0.00
Finnish;Estonian;English	    23	 0.00
Finnish;German;Latin	    23	 0.00
Swedish;Norwegian;English	    23	 0.00
English;Japanese	    22	 0.00
Korean	    22	 0.00
Latin;Hebrew	    22	 0.00
Bantu (Other)	    21	 0.00
English;Spanish	    21	 0.00
Finnish;Russian;English	    21	 0.00
Sami;Skolt Sami	    21	 0.00
Esperanto;Finnish	    20	 0.00
Finnish;English;Spanish	    20	 0.00
Finnish;Swedish;German;French	    20	 0.00
Finnish;Turkish	    20	 0.00
Latin;English	    20	 0.00
Vietnamese	    20	 0.00
Faroese	    19	 0.00
Finnish;Greek, Ancient (to 1453)	    19	 0.00
Greek, Ancient (to 1453)	    19	 0.00
Inari Sami	    19	 0.00
Komi	    19	 0.00
Norwegian;Swedish;Danish	    19	 0.00
Swedish;Danish;English	    19	 0.00
Swedish;English;German;French	    19	 0.00
English;Arabic	    18	 0.00
Finnish;Dutch	    18	 0.00
Finnish;Polish	    18	 0.00
Greek, Ancient (to 1453);Finnish	    18	 0.00
Polish;Finnish	    18	 0.00
Chinese;Finnish	    17	 0.00
Greek, Ancient (to 1453);Latin	    17	 0.00
Swedish;English;Finnish	    17	 0.00
Catalan	    16	 0.00
Danish;English	    16	 0.00
Finnish;English;Chinese	    16	 0.00
Finnish;English;Multiple languages	    16	 0.00
Finnish;German;English	    16	 0.00
Finnish;Kurdish	    16	 0.00
German;Finno-Ugrian (Other)	    16	 0.00
Swedish;English;Norwegian	    16	 0.00
Finnish;English;Italian	    15	 0.00
Finnish;Swedish;German;Russian	    15	 0.00
Kurdish	    15	 0.00
Swahili	    15	 0.00
Finnish;English;Japanese	    14	 0.00
Finnish;Romanian	    14	 0.00
Finnish;Swedish;Danish	    14	 0.00
Finnish;Swedish;English;German;French;Spanish	    14	 0.00
German;English;French	    14	 0.00
Karelian;Finnish	    14	 0.00
Arabic;Finnish	    13	 0.00
English;Danish	    13	 0.00
English;French;Russian	    13	 0.00
English;German;Russian	    13	 0.00
Finnish;English;German;Swedish	    13	 0.00
Finnish;Northern Sami	    13	 0.00
Finnish;Swedish;Sami	    13	 0.00
Finnish;Thai	    13	 0.00
Karelian;Russian	    13	 0.00
Norwegian;Danish;Swedish	    13	 0.00
Turkish;Finnish	    13	 0.00
English;Finnish;Russian	    12	 0.00
Finnish;English;Latin	    12	 0.00
Finnish;Romani	    12	 0.00
Finnish;Vietnamese	    12	 0.00
Greek, Modern (1453-);Finnish	    12	 0.00
Italian;English	    12	 0.00
Russian;Karelian	    12	 0.00
Sami;Northern Sami;Finnish	    12	 0.00
Swedish;Italian	    12	 0.00
Udmurt	    12	 0.00
Belarusian	    11	 0.00
Finnish;English;Swedish;German	    11	 0.00
Finnish;Ukrainian	    11	 0.00
German;Estonian	    11	 0.00
Moksha	    11	 0.00
Northern Sami;Finnish	    11	 0.00
Spanish;Swedish	    11	 0.00
Swedish;Finnish;English;German	    11	 0.00
Swedish;German;French	    11	 0.00
Finnish;Albanian	    10	 0.00
Finnish;Czech	    10	 0.00
Finnish;English;German;French;Latin	    10	 0.00
Finnish;French;English	    10	 0.00
Finnish;Latvian	    10	 0.00
Finnish;Swedish;German;English	    10	 0.00
Finnish;Swedish;Norwegian;Danish	    10	 0.00
French;German	    10	 0.00
German;French;English	    10	 0.00
German;Sami	    10	 0.00
Norwegian;English	    10	 0.00
Sami;Inari Sami;Finnish	    10	 0.00
English;Estonian	     9	 0.00
English;Portuguese	     9	 0.00
Estonian;German	     9	 0.00
Finnish;Latin;Swedish	     9	 0.00
Finnish;Sami;English	     9	 0.00
Finnish;Sanskrit	     9	 0.00
Norwegian;Finnish	     9	 0.00
Sami;Norwegian	     9	 0.00
Sami;Swedish	     9	 0.00
Skolt Sami	     9	 0.00
Spanish;English	     9	 0.00
Armenian	     8	 0.00
English;French;Spanish	     8	 0.00
English;Hebrew	     8	 0.00
English;Norwegian	     8	 0.00
Finnish;English;French;German	     8	 0.00
Finnish;Norwegian;English	     8	 0.00
Finnish;Russian;Swedish	     8	 0.00
Finnish;Swahili	     8	 0.00
Finnish;Swedish;English;Multiple languages	     8	 0.00
Finno-Ugrian (Other);Russian	     8	 0.00
Hebrew;Finnish	     8	 0.00
Latin;Dutch	     8	 0.00
Latin;German;Swedish	     8	 0.00
Latin;Swedish;German	     8	 0.00
Romani;Finnish	     8	 0.00
Russian;French	     8	 0.00
Somali;Finnish	     8	 0.00
Swedish;English;Danish	     8	 0.00
Swedish;Finnish;German	     8	 0.00
Swedish;Latin;Greek, Ancient (to 1453)	     8	 0.00
Swedish;Multiple languages	     8	 0.00
Ukrainian;Finnish	     8	 0.00
Danish;Norwegian	     7	 0.00
English;Greek, Ancient (to 1453)	     7	 0.00
Finnish;Croatian	     7	 0.00
Finnish;German;Swedish	     7	 0.00
Finnish;Russian;Latin	     7	 0.00
Finnish;Swedish;Esperanto	     7	 0.00
Finnish;Swedish;Estonian	     7	 0.00
Finnish;Swedish;Italian	     7	 0.00
Galician	     7	 0.00
Hungarian;English	     7	 0.00
Japanese;English	     7	 0.00
Latin;Finnish;Swedish	     7	 0.00
Latin;Hebrew;Swedish	     7	 0.00
Latin;Spanish	     7	 0.00
Latvian;Finnish	     7	 0.00
Northern Sami;Sami	     7	 0.00
Romani	     7	 0.00
Russian;Latin	     7	 0.00
Swedish;English;Danish;Norwegian	     7	 0.00
Danish;Finnish	     6	 0.00
Danish;Norwegian;Swedish;English	     6	 0.00
English;Swahili	     6	 0.00
Erzya	     6	 0.00
Finnish;Bulgarian	     6	 0.00
Finnish;French;Swedish	     6	 0.00
Finnish;Icelandic	     6	 0.00
Finnish;Karelian;Russian	     6	 0.00
Finnish;Swedish;Danish;Norwegian;English	     6	 0.00
Finnish;Swedish;English;German;French;Spanish;Russian;Estonian	     6	 0.00
Finno-Ugrian (Other);Finnish	     6	 0.00
French;English;Finnish	     6	 0.00
French;English;German	     6	 0.00
French;Latin	     6	 0.00
French;Russian	     6	 0.00
French;Spanish	     6	 0.00
German;French;Russian	     6	 0.00
German;Russian	     6	 0.00
Germanic (Other)	     6	 0.00
Latin;Finnish;English	     6	 0.00
Norwegian (Bokmål)	     6	 0.00
Norwegian;Danish	     6	 0.00
Swedish;Finnish;Russian	     6	 0.00
Swedish;French;German	     6	 0.00
Swedish;Greek, Ancient (to 1453)	     6	 0.00
Swedish;Norwegian;Danish;English	     6	 0.00
Welsh	     6	 0.00
Czech;Finnish	     5	 0.00
Danish;Finnish;Norwegian;Swedish	     5	 0.00
Danish;Swedish;English	     5	 0.00
Dutch;Finnish	     5	 0.00
English;Finnish;German	     5	 0.00
English;Greek, Modern (1453-)	     5	 0.00
English;Polish	     5	 0.00
Estonian;Russian	     5	 0.00
Finnish;Aramaic	     5	 0.00
Finnish;English;Arabic	     5	 0.00
Finnish;English;French;Russian	     5	 0.00
Finnish;English;German;French;Spanish	     5	 0.00
Finnish;English;Russian;German;French;Serbian	     5	 0.00
Finnish;Estonian;Russian	     5	 0.00
Finnish;German;Russian	     5	 0.00
Finnish;Hebrew;Aramaic	     5	 0.00
Finnish;Inari Sami	     5	 0.00
Finnish;Norwegian;English;Russian	     5	 0.00
Finnish;Sami;Skolt Sami	     5	 0.00
Finnish;Slovak	     5	 0.00
Finnish;Swedish;English;German;French;Russian;Spanish	     5	 0.00
Finnish;Swedish;English;Latin	     5	 0.00
Finnish;Swedish;Norwegian;English;German	     5	 0.00
Finnish;Udmurt	     5	 0.00
French;Dutch	     5	 0.00
German;English;Finnish	     5	 0.00
German;Finnish;Swedish	     5	 0.00
German;Sumerian	     5	 0.00
Indic (Other)	     5	 0.00
Italian;Latin	     5	 0.00
Latin;Arabic	     5	 0.00
Latin;Hebrew;Greek, Ancient (to 1453)	     5	 0.00
Latin;Italian	     5	 0.00
Latvian;English	     5	 0.00
Norwegian;Sami;English	     5	 0.00
Russian;Finnish;Swedish	     5	 0.00
Sami;Inari Sami;English	     5	 0.00
Swedish;English;French	     5	 0.00
Swedish;Estonian	     5	 0.00
Swedish;Finnish;Latin	     5	 0.00
Swedish;Spanish	     5	 0.00
Thai;Finnish	     5	 0.00
Vietnamese;Finnish	     5	 0.00
Arabic;English	     4	 0.00
Basque	     4	 0.00
Chinese;English	     4	 0.00
Dutch;English	     4	 0.00
Dutch;Esperanto	     4	 0.00
English;Bulgarian	     4	 0.00
English;Finnish;Swedish;German	     4	 0.00
English;Finnish;Swedish;Norwegian;Danish;Icelandic	     4	 0.00
English;German;Finnish	     4	 0.00
English;Sami	     4	 0.00
English;Sanskrit	     4	 0.00
Estonian;Finnish;English	     4	 0.00
Finnish;Danish;English	     4	 0.00
Finnish;English;Dutch	     4	 0.00
Finnish;English;French;German;Swedish	     4	 0.00
Finnish;English;French;Swedish	     4	 0.00
Finnish;English;German;Italian	     4	 0.00
Finnish;English;German;Japanese	     4	 0.00
Finnish;English;German;Russian;Hungarian;Estonian;Finno-Ugrian (Other)	     4	 0.00
Finnish;English;Hungarian	     4	 0.00
Finnish;Galician	     4	 0.00
Finnish;Indonesian	     4	 0.00
Finnish;Latin;French	     4	 0.00
Finnish;Mari	     4	 0.00
Finnish;Sami;Norwegian	     4	 0.00
Finnish;Swedish;English;French;Russian	     4	 0.00
Finnish;Swedish;English;Italian	     4	 0.00
Finnish;Swedish;Norwegian;English;German;French	     4	 0.00
Finnish;Swedish;Sami;English	     4	 0.00
Finnish;Swedish;Spanish	     4	 0.00
Finno-Ugrian (Other);German	     4	 0.00
Finno-Ugrian (Other);German;Russian	     4	 0.00
French, Old (ca. 842-1300)	     4	 0.00
Georgian	     4	 0.00
German;Finnish;English;French	     4	 0.00
German;Greek, Ancient (to 1453)	     4	 0.00
Greek, Modern (1453-);English	     4	 0.00
Hindi	     4	 0.00
Icelandic;Finnish	     4	 0.00
Inari Sami;Sami;English	     4	 0.00
Indo-European (Other);Finnish	     4	 0.00
Latin;Greek, Ancient (to 1453);German	     4	 0.00
Malay	     4	 0.00
Norwegian;Sami	     4	 0.00
Polish;English	     4	 0.00
Romanian;English	     4	 0.00
Russian;English;Finnish	     4	 0.00
Russian;Finnish;Multiple languages	     4	 0.00
Russian;German	     4	 0.00
Sami;Northern Sami;Norwegian	     4	 0.00
Sami;Norwegian;Finnish	     4	 0.00
Skolt Sami;Finnish	     4	 0.00
Somali;English	     4	 0.00
Swedish;Danish;Icelandic;Norwegian	     4	 0.00
Swedish;English;Russian	     4	 0.00
Swedish;Finnish;Norwegian	     4	 0.00
Swedish;German;French;Latin	     4	 0.00
Swedish;German;Latin	     4	 0.00
Swedish;Latin;Finnish	     4	 0.00
Swedish;Norwegian;Danish;Icelandic	     4	 0.00
Swedish;Undetermined	     4	 0.00
Afrikaans;Ndonga	     3	 0.00
Afroasiatic (Other);English	     3	 0.00
Bulgarian;Finnish	     3	 0.00
Croatian;Finnish	     3	 0.00
Danish;Finnish;English	     3	 0.00
Danish;Finnish;Swedish	     3	 0.00
Danish;German	     3	 0.00
Danish;Swedish;Finnish	     3	 0.00
Dutch;German	     3	 0.00
English;Finnish;Danish	     3	 0.00
English;Finnish;Multiple languages	     3	 0.00
English;French;German;Finnish	     3	 0.00
English;French;German;Italian	     3	 0.00
English;German;French;Danish	     3	 0.00
English;German;French;Italian	     3	 0.00
English;German;French;Japanese	     3	 0.00
English;German;French;Swedish	     3	 0.00
English;German;Spanish	     3	 0.00
English;German;Swedish;Finnish	     3	 0.00
English;Indic (Other)	     3	 0.00
English;Korean	     3	 0.00
English;Latvian	     3	 0.00
English;Mongolian	     3	 0.00
English;Persian	     3	 0.00
English;Russian;Finnish	     3	 0.00
English;Russian;German	     3	 0.00
English;Slovenian	     3	 0.00
English;Somali	     3	 0.00
English;Swedish;Norwegian	     3	 0.00
English;Thai	     3	 0.00
Esperanto;Swedish	     3	 0.00
Estonian;Finnish;English;Russian;Multiple languages	     3	 0.00
Estonian;Russian;Finnish	     3	 0.00
Finnish;Burmese	     3	 0.00
Finnish;Church Slavic	     3	 0.00
Finnish;Danish;Icelandic;English	     3	 0.00
Finnish;Danish;Norwegian	     3	 0.00
Finnish;Danish;Norwegian;Swedish	     3	 0.00
Finnish;English;French;German;Italian;Portuguese;Spanish	     3	 0.00
Finnish;English;French;Spanish	     3	 0.00
Finnish;English;German;French;Italian	     3	 0.00
Finnish;English;German;French;Spanish;Italian	     3	 0.00
Finnish;English;Northern Sami	     3	 0.00
Finnish;English;Persian	     3	 0.00
Finnish;English;Polish	     3	 0.00
Finnish;English;Portuguese	     3	 0.00
Finnish;English;Sami	     3	 0.00
Finnish;English;Swedish;Russian	     3	 0.00
Finnish;English;Ukrainian	     3	 0.00
Finnish;Estonian;German;Russian	     3	 0.00
Finnish;Filipino	     3	 0.00
Finnish;French;Undetermined	     3	 0.00
Finnish;Italian;English	     3	 0.00
Finnish;Lithuanian	     3	 0.00
Finnish;Russian;Estonian	     3	 0.00
Finnish;Sami;Northern Sami	     3	 0.00
Finnish;Sami;Northern Sami;English	     3	 0.00
Finnish;Sign languages	     3	 0.00
Finnish;Skolt Sami	     3	 0.00
Finnish;Swedish;Danish;Icelandic;Norwegian	     3	 0.00
Finnish;Swedish;English;Estonian	     3	 0.00
Finnish;Swedish;English;German;French;Russian;Estonian	     3	 0.00
Finnish;Swedish;English;German;Russian;Estonian	     3	 0.00
Finnish;Swedish;German;Latin	     3	 0.00
Finnish;Swedish;Greek, Modern (1453-)	     3	 0.00
Finnish;Swedish;Russian;English	     3	 0.00
Finnish;Swedish;Somali	     3	 0.00
Finnish;Tamil	     3	 0.00
Finnish;Tatar	     3	 0.00
French;English;Russian	     3	 0.00
French;Italian	     3	 0.00
French;Italian;Spanish	     3	 0.00
French;Spanish;Italian	     3	 0.00
German;Finnish;Swedish;English;French;Danish;Norwegian	     3	 0.00
German;Hungarian	     3	 0.00
Greek, Ancient (to 1453);Latin;Swedish	     3	 0.00
Indo-European (Other)	     3	 0.00
Italian;Finnish;Swedish	     3	 0.00
Italian;French	     3	 0.00
Kyrgyz	     3	 0.00
Latin;Arabic;Swedish	     3	 0.00
Latin;English;Swedish	     3	 0.00
Latin;German;French	     3	 0.00
Latin;Greek, Ancient (to 1453);Finnish	     3	 0.00
Latin;Multiple languages	     3	 0.00
Latin;Swedish;Hebrew	     3	 0.00
Lithuanian;English	     3	 0.00
Northern Sami;Sami;Finnish	     3	 0.00
Norwegian;German	     3	 0.00
Papuan (Other)	     3	 0.00
Portuguese;English	     3	 0.00
Romanian;Finnish	     3	 0.00
Russian;Finnish;English	     3	 0.00
Sami;German	     3	 0.00
Sami;Northern Sami;English	     3	 0.00
Sami;Northern Sami;Finnish;English	     3	 0.00
Sami;Skolt Sami;Finnish	     3	 0.00
Spanish;Latin	     3	 0.00
Swahili;English	     3	 0.00
Swahili;Finnish	     3	 0.00
Swedish;Danish;Norwegian;Icelandic	     3	 0.00
Swedish;English;French;German	     3	 0.00
Swedish;English;French;German;Danish;Norwegian;Finnish	     3	 0.00
Swedish;English;German;Finnish	     3	 0.00
Swedish;Esperanto	     3	 0.00
Swedish;Finnish;French	     3	 0.00
Swedish;German;English;Latin;Finnish	     3	 0.00
Swedish;Latin;German	     3	 0.00
Swedish;Persian	     3	 0.00
Swedish;Russian;Finnish	     3	 0.00
Swedish;Sami	     3	 0.00
Swedish;Vietnamese	     3	 0.00
Swiss German	     3	 0.00
Thai	     3	 0.00
Votic	     3	 0.00
Yiddish	     3	 0.00
Akan;Finnish;English	     2	 0.00
Albanian;Finnish	     2	 0.00
Arabic;Somali	     2	 0.00
Chechen	     2	 0.00
Danish;English;German	     2	 0.00
Danish;Finnish;Icelandic;Norwegian;Swedish	     2	 0.00
Danish;Latin	     2	 0.00
Danish;Norwegian;Swedish;Finnish	     2	 0.00
Dutch;French	     2	 0.00
Dutch;Latin	     2	 0.00
Dutch;Swedish	     2	 0.00
Dutch;Swedish;English;French	     2	 0.00
English;Danish;Norwegian;Swedish	     2	 0.00
English;Dutch	     2	 0.00
English;Finnish;French	     2	 0.00
English;Finnish;Portuguese	     2	 0.00
English;Finnish;Swedish;German;French	     2	 0.00
English;Finnish;Ukrainian	     2	 0.00
English;French;German;Swedish	     2	 0.00
English;German;Latin	     2	 0.00
English;German;Swedish	     2	 0.00
English;Hungarian	     2	 0.00
English;Lithuanian	     2	 0.00
English;Multiple languages	     2	 0.00
English;Multiple languages;Swedish;Finnish	     2	 0.00
English;Papuan (Other)	     2	 0.00
English;Russian;Chinese	     2	 0.00
English;Swedish;Danish;Norwegian	     2	 0.00
English;Swedish;German;Danish	     2	 0.00
English;Turkish	     2	 0.00
Estonian;Finnish;English;Russian	     2	 0.00
Estonian;Finnish;Hungarian	     2	 0.00
Filipino;Finnish	     2	 0.00
Finnish;Afroasiatic (Other)	     2	 0.00
Finnish;Catalan	     2	 0.00
Finnish;Egyptian	     2	 0.00
Finnish;English;Czech	     2	 0.00
Finnish;English;Danish	     2	 0.00
Finnish;English;Estonian;Russian	     2	 0.00
Finnish;English;French;Swedish;German;Spanish;Estonian;Russian	     2	 0.00
Finnish;English;German;Russian;Hungarian	     2	 0.00
Finnish;English;Hebrew	     2	 0.00
Finnish;English;Korean	     2	 0.00
Finnish;English;Norwegian	     2	 0.00
Finnish;English;Russian;Estonian	     2	 0.00
Finnish;English;Russian;Ukrainian	     2	 0.00
Finnish;English;Somali	     2	 0.00
Finnish;English;Spanish;Portuguese;Arabic;Japanese;Korean;Russian;French;Swedish;Italian;German	     2	 0.00
Finnish;English;Swedish;Estonian	     2	 0.00
Finnish;English;Tatar	     2	 0.00
Finnish;English;Thai	     2	 0.00
Finnish;Erzya	     2	 0.00
Finnish;Estonian;German	     2	 0.00
Finnish;Estonian;Hungarian	     2	 0.00
Finnish;Estonian;Italian	     2	 0.00
Finnish;French;Russian	     2	 0.00
Finnish;French;Swedish;German;English;Russian	     2	 0.00
Finnish;German;Japanese	     2	 0.00
Finnish;German;Undetermined	     2	 0.00
Finnish;Hungarian;Latin	     2	 0.00
Finnish;Latin;German	     2	 0.00
Finnish;Multiple languages;English	     2	 0.00
Finnish;Northern Sami;English;German	     2	 0.00
Finnish;Northern Sami;Sami	     2	 0.00
Finnish;Norwegian;French;Swedish;English;Russian;Northern Sami	     2	 0.00
Finnish;Norwegian;Swedish	     2	 0.00
Finnish;Russian;English;Spanish	     2	 0.00
Finnish;Russian;Finno-Ugrian (Other)	     2	 0.00
Finnish;Sami;German	     2	 0.00
Finnish;Spanish;English	     2	 0.00
Finnish;Swedish;Danish;English;German	     2	 0.00
Finnish;Swedish;Danish;Icelandic;Norwegian;English	     2	 0.00
Finnish;Swedish;Danish;Norwegian;Icelandic	     2	 0.00
Finnish;Swedish;Danish;Norwegian;Icelandic;English	     2	 0.00
Finnish;Swedish;English;Esperanto	     2	 0.00
Finnish;Swedish;English;Estonian;Russian	     2	 0.00
Finnish;Swedish;English;German;French;Estonian;Russian	     2	 0.00
Finnish;Swedish;English;German;Latin	     2	 0.00
Finnish;Swedish;English;German;Russian;French	     2	 0.00
Finnish;Swedish;English;German;Spanish	     2	 0.00
Finnish;Swedish;English;Northern Sami	     2	 0.00
Finnish;Swedish;English;Norwegian	     2	 0.00
Finnish;Swedish;English;Russian;Sami	     2	 0.00
Finnish;Swedish;English;Sami	     2	 0.00
Finnish;Swedish;English;Spanish	     2	 0.00
Finnish;Swedish;Estonian;English	     2	 0.00
Finnish;Swedish;French;German	     2	 0.00
Finnish;Swedish;French;Russian	     2	 0.00
Finnish;Swedish;French;Tibetan	     2	 0.00
Finnish;Swedish;German;English;Russian	     2	 0.00
Finnish;Swedish;Latin;Greek, Ancient (to 1453)	     2	 0.00
Finnish;Swedish;Norwegian;English	     2	 0.00
Finno-Ugrian (Other);Karelian;Russian	     2	 0.00
French;Arabic	     2	 0.00
French;Finnish;Swedish	     2	 0.00
French;German;English	     2	 0.00
French;German;Russian	     2	 0.00
French;Italian;Spanish;Portuguese	     2	 0.00
German;Danish	     2	 0.00
German;English;Italian	     2	 0.00
German;Finnish;English	     2	 0.00
German;Finnish;Swedish;Russian	     2	 0.00
German;French;English;Italian	     2	 0.00
German;Latin;Estonian	     2	 0.00
German;Mongolian	     2	 0.00
German;Norwegian	     2	 0.00
German;Spanish	     2	 0.00
German;Sumerian;Akkadian	     2	 0.00
German;Swedish;Finnish	     2	 0.00
German;Swedish;Latin	     2	 0.00
Greek, Ancient (to 1453);English	     2	 0.00
Greek, Ancient (to 1453);Swedish	     2	 0.00
Greek, Modern (1453-);Finnish;English	     2	 0.00
Gujarati	     2	 0.00
Hindi;Finnish	     2	 0.00
Hungarian;English;Finnish	     2	 0.00
Indonesian	     2	 0.00
Iranian (Other)	     2	 0.00
Italian;English;French	     2	 0.00
Italian;Finnish;English	     2	 0.00
Italian;Spanish	     2	 0.00
Kalâtdlisut	     2	 0.00
Karelian;Church Slavic	     2	 0.00
Kuanyama	     2	 0.00
Latin;German;Greek, Ancient (to 1453)	     2	 0.00
Latin;Greek, Ancient (to 1453);French	     2	 0.00
Latin;Greek, Ancient (to 1453);French;Swedish	     2	 0.00
Latin;Greek, Ancient (to 1453);Hebrew	     2	 0.00
Latin;Greek, Ancient (to 1453);Hebrew;Swedish	     2	 0.00
Latin;Greek, Ancient (to 1453);Swedish;French	     2	 0.00
Latin;Italian;Greek, Ancient (to 1453);French	     2	 0.00
Latin;Russian	     2	 0.00
Latin;Swedish;English	     2	 0.00
Latin;Swedish;French;Finnish	     2	 0.00
Latin;Swedish;German;Finnish	     2	 0.00
Latin;Swedish;Russian	     2	 0.00
Lithuanian;Finnish	     2	 0.00
Lule Sami	     2	 0.00
Luo (Kenya and Tanzania)	     2	 0.00
Macedonian	     2	 0.00
Mari;Finnish	     2	 0.00
Mari;German	     2	 0.00
Mongolian	     2	 0.00
Multiple languages;Swedish;Finnish	     2	 0.00
Northern Sami;Inari Sami;Skolt Sami	     2	 0.00
Norwegian;Swedish;Danish;Finnish;Multiple languages	     2	 0.00
Nyanja	     2	 0.00
Oromo;English	     2	 0.00
Panjabi	     2	 0.00
Pushto	     2	 0.00
Russian;Church Slavic	     2	 0.00
Russian;English;German	     2	 0.00
Russian;English;German;Hungarian;Finnish	     2	 0.00
Russian;Finnish;German	     2	 0.00
Russian;Finno-Ugrian (Other)	     2	 0.00
Russian;Italian;French	     2	 0.00
Sami;Finnish;English	     2	 0.00
Sami;Swedish;Finnish	     2	 0.00
Sanskrit;English	     2	 0.00
Serbian;Finnish	     2	 0.00
Spanish;Finnish;English	     2	 0.00
Swedish;Arabic	     2	 0.00
Swedish;Chinese	     2	 0.00
Swedish;Danish;Norwegian;Finnish	     2	 0.00
Swedish;Danish;Norwegian;German	     2	 0.00
Swedish;English;Finnish;German	     2	 0.00
Swedish;English;French;Spanish;Finnish	     2	 0.00
Swedish;English;Norwegian;Danish	     2	 0.00
Swedish;Finnish;English;Norwegian;French	     2	 0.00
Swedish;Finnish;English;Russian	     2	 0.00
Swedish;Finnish;Multiple languages	     2	 0.00
Swedish;Finnish;Norwegian;Danish	     2	 0.00
Swedish;French;German;Russian	     2	 0.00
Swedish;French;Latin	     2	 0.00
Swedish;German;Finnish	     2	 0.00
Swedish;German;French;Russian;Latin;English	     2	 0.00
Swedish;Germanic (Other)	     2	 0.00
Swedish;Icelandic;Norwegian;Danish;English	     2	 0.00
Swedish;Latin;French	     2	 0.00
Swedish;Norwegian;Finnish	     2	 0.00
Swedish;Persian;Latin	     2	 0.00
Tajik	     2	 0.00
Turkish;English	     2	 0.00
Ukrainian;English	     2	 0.00
Undetermined;English	     2	 0.00
Undetermined;German	     2	 0.00
Yoruba	     2	 0.00
Yupik languages	     2	 0.00
Afroasiatic (Other);Afrikaans	     1	 0.00
Afroasiatic (Other);Finnish	     1	 0.00
Albanian;English	     1	 0.00
Albanian;Finnish;English	     1	 0.00
Arabic;Finnish;Swedish	     1	 0.00
Arabic;Swedish	     1	 0.00
Arabic;Tatar	     1	 0.00
Aramaic;English;Spanish	     1	 0.00
Artificial (Other)	     1	 0.00
Austronesian (Other);English	     1	 0.00
Bengali	     1	 0.00
Berber (Other)	     1	 0.00
Bosnian	     1	 0.00
Bulgarian;English	     1	 0.00
Burmese	     1	 0.00
Burmese;Finnish	     1	 0.00
Catalan;Finnish	     1	 0.00
Chinese;English;Japanese	     1	 0.00
Chinese;Finnish;English	     1	 0.00
Chinook jargon	     1	 0.00
Chuvash	     1	 0.00
Chuvash;English;Russian	     1	 0.00
Chuvash;Finnish	     1	 0.00
Chuvash;Swedish;German;Russian	     1	 0.00
Croatian;English	     1	 0.00
Czech;English	     1	 0.00
Czech;English;Finnish	     1	 0.00
Czech;Swedish	     1	 0.00
Danish;English;Finnish	     1	 0.00
Danish;English;Finnish;Latin;Norwegian;Swedish	     1	 0.00
Danish;English;Swedish;Norwegian	     1	 0.00
Danish;Finnish;Sami;Norwegian;Swedish;English	     1	 0.00
Danish;French	     1	 0.00
Danish;Icelandic;Norwegian;Swedish	     1	 0.00
Danish;Italian	     1	 0.00
Danish;Swedish;English;German	     1	 0.00
Dutch;Italian	     1	 0.00
English, Middle (1100-1500)	     1	 0.00
English;Afroasiatic (Other)	     1	 0.00
English;Arabic;Berber (Other)	     1	 0.00
English;Burmese	     1	 0.00
English;Chinese;Japanese	     1	 0.00
English;Danish;Finnish;Icelandic;Norwegian;Swedish	     1	 0.00
English;Danish;Finnish;Swedish;Icelandic;German;French;Russian;Spanish;Dutch;Greek, Modern (1453-);Hungarian;Low German;Polish	     1	 0.00
English;Danish;Swedish	     1	 0.00
English;Finnish;Arabic;Hebrew	     1	 0.00
English;Finnish;Chinese	     1	 0.00
English;Finnish;Czech;Hungarian;Spanish;German;Slovenian	     1	 0.00
English;Finnish;Estonian	     1	 0.00
English;Finnish;French;German;Hungarian	     1	 0.00
English;Finnish;French;German;Italian;Spanish;Swedish	     1	 0.00
English;Finnish;German;French	     1	 0.00
English;Finnish;German;Norwegian;Swedish	     1	 0.00
English;Finnish;Hungarian	     1	 0.00
English;Finnish;Italian	     1	 0.00
English;Finnish;Japanese	     1	 0.00
English;Finnish;Kalâtdlisut	     1	 0.00
English;Finnish;Komi	     1	 0.00
English;Finnish;Spanish	     1	 0.00
English;Finnish;Spanish;Italian;German;French;Arabic;Persian;Russian;Sami	     1	 0.00
English;Finnish;Swedish;Danish;Norwegian	     1	 0.00
English;Finnish;Swedish;Italian	     1	 0.00
English;Finnish;Swedish;Norwegian;Danish	     1	 0.00
English;Finnish;Swedish;Norwegian;Danish;Dutch	     1	 0.00
English;Finnish;Swedish;Russian	     1	 0.00
English;Finnish;Swedish;Slavey;Norwegian	     1	 0.00
English;Finno-Ugrian (Other)	     1	 0.00
English;French;Akkadian	     1	 0.00
English;French;German;Dutch	     1	 0.00
English;French;German;Spanish	     1	 0.00
English;French;German;Spanish;Swedish;Finnish	     1	 0.00
English;French;Italian	     1	 0.00
English;French;Polish	     1	 0.00
English;German;French;Portuguese	     1	 0.00
English;German;French;Russian	     1	 0.00
English;German;French;Russian;Chinese	     1	 0.00
English;German;French;Russian;Spanish;Italian	     1	 0.00
English;German;French;Spanish	     1	 0.00
English;German;French;Spanish;Czech;Italian	     1	 0.00
English;German;French;Spanish;Italian	     1	 0.00
English;German;Hungarian	     1	 0.00
English;German;Italian	     1	 0.00
English;German;Lithuanian	     1	 0.00
English;German;Northern Sami	     1	 0.00
English;German;Russian;Hungarian;Finnish;Estonian	     1	 0.00
English;German;Spanish;French;Italian;Japanese	     1	 0.00
English;German;Swedish;Norwegian;Finnish	     1	 0.00
English;German;Turkish	     1	 0.00
English;Greek, Ancient (to 1453);Hebrew	     1	 0.00
English;Greek, Modern (1453-);Makasar	     1	 0.00
English;Hebrew;Greek, Ancient (to 1453)	     1	 0.00
English;Hindi	     1	 0.00
English;Icelandic	     1	 0.00
English;Italian;Polish;French;German;Russian	     1	 0.00
English;Italian;Portuguese	     1	 0.00
English;Italian;Spanish;French	     1	 0.00
English;Italian;Swedish;Finnish	     1	 0.00
English;Japanese;Russian	     1	 0.00
English;Kazakh	     1	 0.00
English;Komi	     1	 0.00
English;Malay	     1	 0.00
English;Miscellaneous languages	     1	 0.00
English;Nepali	     1	 0.00
English;Romani;Finnish	     1	 0.00
English;Russian;French	     1	 0.00
English;Russian;Komi	     1	 0.00
English;Russian;Tatar	     1	 0.00
English;Slovak	     1	 0.00
English;Spanish;French;Russian;Chinese;Arabic	     1	 0.00
English;Spanish;German	     1	 0.00
English;Spanish;Italian;Japanese;Portuguese;French;German;Russian	     1	 0.00
English;Spanish;Portuguese	     1	 0.00
English;Swedish;Danish	     1	 0.00
English;Swedish;French	     1	 0.00
English;Swedish;German;Finnish	     1	 0.00
English;Turkish;Finnish	     1	 0.00
English;Welsh	     1	 0.00
English;Zapotec	     1	 0.00
Erzya;English;Russian	     1	 0.00
Esperanto;English;Russian	     1	 0.00
Esperanto;Estonian	     1	 0.00
Esperanto;Finnish;Swedish	     1	 0.00
Esperanto;Russian	     1	 0.00
Estonian;English;Finnish	     1	 0.00
Estonian;Finnish;German	     1	 0.00
Estonian;French;German	     1	 0.00
Estonian;German;Russian	     1	 0.00
Estonian;German;Swedish	     1	 0.00
Estonian;Karelian	     1	 0.00
Estonian;Russian;English;German;Finnish	     1	 0.00
Estonian;Russian;German	     1	 0.00
Estonian;Russian;German;English;Finnish	     1	 0.00
Faroese;Danish;English	     1	 0.00
Faroese;Norwegian;English	     1	 0.00
Filipino;Tagalog;Finnish	     1	 0.00
Finnish;Afrikaans	     1	 0.00
Finnish;Albanian;Bulgarian;Czech;English;French;German;Hungarian;Polish;Romanian;Russian;Spanish	     1	 0.00
Finnish;Arabic;Persian;Pushto;Somali;Kurdish	     1	 0.00
Finnish;Arabic;Tatar	     1	 0.00
Finnish;Belarusian	     1	 0.00
Finnish;Bosnian	     1	 0.00
Finnish;Breton	     1	 0.00
Finnish;Coptic	     1	 0.00
Finnish;Croatian;Serbian	     1	 0.00
Finnish;Danish;English;German;Norwegian	     1	 0.00
Finnish;Danish;Icelandic	     1	 0.00
Finnish;Danish;Icelandic;Norwegian;Swedish	     1	 0.00
Finnish;Danish;Norwegian;Swedish;English;French;German	     1	 0.00
Finnish;Danish;Norwegian;Swedish;Icelandic	     1	 0.00
Finnish;Danish;Norwegian;Swedish;Icelandic;English;German;French	     1	 0.00
Finnish;Danish;Yupik languages	     1	 0.00
Finnish;Dutch;English	     1	 0.00
Finnish;Dutch;Esperanto	     1	 0.00
Finnish;Dutch;Hungarian	     1	 0.00
Finnish;English;Albanian	     1	 0.00
Finnish;English;Armenian	     1	 0.00
Finnish;English;Belarusian	     1	 0.00
Finnish;English;Danish;Swedish	     1	 0.00
Finnish;English;Esperanto	     1	 0.00
Finnish;English;Esperanto;Japanese	     1	 0.00
Finnish;English;Estonian;French;German;Italian;Russian;Spanish;Swedish	     1	 0.00
Finnish;English;Estonian;French;German;Italian;Spanish;Swedish	     1	 0.00
Finnish;English;Estonian;French;German;Russian;Northern Sami;Spanish;Swedish	     1	 0.00
Finnish;English;Estonian;French;German;Russian;Swedish	     1	 0.00
Finnish;English;Estonian;French;German;Swedish	     1	 0.00
Finnish;English;Estonian;German;Russian	     1	 0.00
Finnish;English;Estonian;German;Russian;Swedish	     1	 0.00
Finnish;English;Estonian;Hungarian;German;Spanish;Swedish;Russian;Sami;Icelandic	     1	 0.00
Finnish;English;Estonian;Italian	     1	 0.00
Finnish;English;Estonian;Portuguese;Russian	     1	 0.00
Finnish;English;Estonian;Russian;Hungarian	     1	 0.00
Finnish;English;Finno-Ugrian (Other)	     1	 0.00
Finnish;English;French;German;Russian;Sami;Spanish;Swedish	     1	 0.00
Finnish;English;French;German;Russian;Spanish;Swedish	     1	 0.00
Finnish;English;French;German;Russian;Swedish	     1	 0.00
Finnish;English;French;German;Spanish	     1	 0.00
Finnish;English;French;Japanese	     1	 0.00
Finnish;English;French;Polish	     1	 0.00
Finnish;English;French;Spanish;Swedish	     1	 0.00
Finnish;English;Georgian	     1	 0.00
Finnish;English;German;Estonian	     1	 0.00
Finnish;English;German;French;Chinese	     1	 0.00
Finnish;English;German;French;Hungarian	     1	 0.00
Finnish;English;German;French;Italian;Latin	     1	 0.00
Finnish;English;German;French;Italian;Spanish	     1	 0.00
Finnish;English;German;French;Russian	     1	 0.00
Finnish;English;German;French;Spanish;Arabic;Japanese	     1	 0.00
Finnish;English;German;French;Spanish;Dutch	     1	 0.00
Finnish;English;German;French;Swedish	     1	 0.00
Finnish;English;German;Hungarian	     1	 0.00
Finnish;English;German;Latvian	     1	 0.00
Finnish;English;German;Multiple languages	     1	 0.00
Finnish;English;German;Norwegian;Northern Sami	     1	 0.00
Finnish;English;German;Russian;Estonian	     1	 0.00
Finnish;English;German;Russian;Estonian;Finno-Ugrian (Other)	     1	 0.00
Finnish;English;German;Russian;Swedish	     1	 0.00
Finnish;English;German;Spanish;Aromanian;Lithuanian;Polish	     1	 0.00
Finnish;English;German;Swedish;French	     1	 0.00
Finnish;English;Greek, Modern (1453-)	     1	 0.00
Finnish;English;Hindi	     1	 0.00
Finnish;English;Hungarian;German	     1	 0.00
Finnish;English;Icelandic	     1	 0.00
Finnish;English;Inari Sami	     1	 0.00
Finnish;English;Indonesian	     1	 0.00
Finnish;English;Iranian (Other)	     1	 0.00
Finnish;English;Japanese;Portuguese;Russian	     1	 0.00
Finnish;English;Karelian	     1	 0.00
Finnish;English;Kazakh	     1	 0.00
Finnish;English;Kurdish	     1	 0.00
Finnish;English;Kyrgyz	     1	 0.00
Finnish;English;Latin;Swedish	     1	 0.00
Finnish;English;Latvian	     1	 0.00
Finnish;English;Lithuanian	     1	 0.00
Finnish;English;Malay	     1	 0.00
Finnish;English;Multiple languages;Swedish	     1	 0.00
Finnish;English;Norwegian;Estonian	     1	 0.00
Finnish;English;Romani	     1	 0.00
Finnish;English;Romanian	     1	 0.00
Finnish;English;Russian;Chinese	     1	 0.00
Finnish;English;Russian;French;Spanish	     1	 0.00
Finnish;English;Russian;Japanese	     1	 0.00
Finnish;English;Russian;Ukrainian;Bulgarian	     1	 0.00
Finnish;English;Slovak	     1	 0.00
Finnish;English;Spanish;Italian	     1	 0.00
Finnish;English;Spanish;Russian	     1	 0.00
Finnish;English;Swahili	     1	 0.00
Finnish;English;Swedish;Danish	     1	 0.00
Finnish;English;Swedish;German;French;Estonian;Russian	     1	 0.00
Finnish;English;Swedish;German;French;Portuguese;Spanish;Russian	     1	 0.00
Finnish;English;Swedish;German;Russian	     1	 0.00
Finnish;English;Swedish;Norwegian;Danish	     1	 0.00
Finnish;English;Swedish;Spanish;Italian;Dutch;French;Portuguese;German;Russian;Danish;Estonian	     1	 0.00
Finnish;English;Tai (Other)	     1	 0.00
Finnish;English;Turkish	     1	 0.00
Finnish;English;Turkmen	     1	 0.00
Finnish;English;Urdu	     1	 0.00
Finnish;English;Uzbek	     1	 0.00
Finnish;English;Vietnamese	     1	 0.00
Finnish;Erzya;Moksha	     1	 0.00
Finnish;Estonian;Esperanto	     1	 0.00
Finnish;Estonian;German;French	     1	 0.00
Finnish;Estonian;Greek, Modern (1453-);Italian;Portuguese;Russian;Spanish	     1	 0.00
Finnish;Estonian;Hungarian;German	     1	 0.00
Finnish;Estonian;Polish;Russian	     1	 0.00
Finnish;Estonian;Russian;English	     1	 0.00
Finnish;Estonian;Russian;Swedish	     1	 0.00
Finnish;Filipino;Tagalog	     1	 0.00
Finnish;Finno-Ugrian (Other);Russian	     1	 0.00
Finnish;French;Arabic	     1	 0.00
Finnish;French;English;German	     1	 0.00
Finnish;French;Esperanto	     1	 0.00
Finnish;French;Italian;Japanese	     1	 0.00
Finnish;French;Latin	     1	 0.00
Finnish;French;Swedish;Russian	     1	 0.00
Finnish;French;Swedish;Russian;German	     1	 0.00
Finnish;German;English;French	     1	 0.00
Finnish;German;English;Swedish	     1	 0.00
Finnish;German;English;Swedish;Russian;Thai	     1	 0.00
Finnish;German;Esperanto	     1	 0.00
Finnish;German;Estonian	     1	 0.00
Finnish;German;Hungarian	     1	 0.00
Finnish;German;Italian;English;Latin	     1	 0.00
Finnish;German;Lithuanian	     1	 0.00
Finnish;German;Norwegian;Sami	     1	 0.00
Finnish;German;Polish	     1	 0.00
Finnish;German;Sami	     1	 0.00
Finnish;German;Spanish	     1	 0.00
Finnish;Greek, Ancient (to 1453);Hebrew	     1	 0.00
Finnish;Hawaiian	     1	 0.00
Finnish;Hindi	     1	 0.00
Finnish;Hungarian;Esperanto	     1	 0.00
Finnish;Hungarian;Estonian	     1	 0.00
Finnish;Hungarian;German	     1	 0.00
Finnish;Hungarian;German;English	     1	 0.00
Finnish;Hungarian;Italian	     1	 0.00
Finnish;Hungarian;Russian	     1	 0.00
Finnish;Icelandic;English	     1	 0.00
Finnish;Indonesian;Malay	     1	 0.00
Finnish;Iranian (Other)	     1	 0.00
Finnish;Italian;English;Russian;Japanese	     1	 0.00
Finnish;Italian;Esperanto	     1	 0.00
Finnish;Italian;French	     1	 0.00
Finnish;Italian;Kurdish;Persian;Somali	     1	 0.00
Finnish;Italian;Russian;Japanese	     1	 0.00
Finnish;Italian;Swedish	     1	 0.00
Finnish;Japanese;English	     1	 0.00
Finnish;Japanese;Esperanto	     1	 0.00
Finnish;Japanese;Swedish;English	     1	 0.00
Finnish;Kalâtdlisut	     1	 0.00
Finnish;Karelian;English;Russian	     1	 0.00
Finnish;Karelian;Finno-Ugrian (Other)	     1	 0.00
Finnish;Karen languages	     1	 0.00
Finnish;Latin;English;Swedish	     1	 0.00
Finnish;Latin;Greek, Ancient (to 1453)	     1	 0.00
Finnish;Latin;Swedish;English;German;French	     1	 0.00
Finnish;Latin;Swedish;Greek, Ancient (to 1453);German;Hebrew	     1	 0.00
Finnish;Latvian;English	     1	 0.00
Finnish;Latvian;Esperanto	     1	 0.00
Finnish;Lithuanian;English	     1	 0.00
Finnish;Moksha	     1	 0.00
Finnish;Ndonga	     1	 0.00
Finnish;Northern Sami;English	     1	 0.00
Finnish;Northern Sami;Inari Sami;Skolt Sami	     1	 0.00
Finnish;Norwegian;Danish	     1	 0.00
Finnish;Norwegian;English;German	     1	 0.00
Finnish;Norwegian;English;Italian	     1	 0.00
Finnish;Norwegian;Italian	     1	 0.00
Finnish;Norwegian;Russian	     1	 0.00
Finnish;Philippine (Other)	     1	 0.00
Finnish;Polish;Esperanto	     1	 0.00
Finnish;Polish;French	     1	 0.00
Finnish;Portuguese;English	     1	 0.00
Finnish;Russian;Esperanto	     1	 0.00
Finnish;Russian;Estonian;Komi;Karelian;Finno-Ugrian (Other)	     1	 0.00
Finnish;Russian;Multiple languages	     1	 0.00
Finnish;Russian;Undetermined	     1	 0.00
Finnish;Sami;Norwegian;Russian	     1	 0.00
Finnish;Sami;Romani	     1	 0.00
Finnish;Sami;Russian;Albanian;Arabic;Chinese;Kurdish;Persian;Somali;Thai;Vietnamese	     1	 0.00
Finnish;Serbian;English	     1	 0.00
Finnish;Sign languages;Multiple languages	     1	 0.00
Finnish;Slavic (Other)	     1	 0.00
Finnish;Somali;English	     1	 0.00
Finnish;Spanish;Czech	     1	 0.00
Finnish;Spanish;Esperanto	     1	 0.00
Finnish;Spanish;Greek, Modern (1453-);English	     1	 0.00
Finnish;Spanish;Portuguese;Russian	     1	 0.00
Finnish;Spanish;Sami	     1	 0.00
Finnish;Swedish;Arabic	     1	 0.00
Finnish;Swedish;Arabic;Lingala;Somali;Turkish	     1	 0.00
Finnish;Swedish;Czech;Dutch;English;French;German;Italian;Portuguese;Spanish	     1	 0.00
Finnish;Swedish;Danish;English;French;German;Japanese;Dutch;Russian;Estonian	     1	 0.00
Finnish;Swedish;Danish;English;German;French;Russian;Spanish;Estonian	     1	 0.00
Finnish;Swedish;Danish;English;German;French;Spanish;Italian;Portuguese	     1	 0.00
Finnish;Swedish;Danish;Faroese;Kalâtdlisut;Icelandic;Sami;Norwegian	     1	 0.00
Finnish;Swedish;Danish;Icelandic	     1	 0.00
Finnish;Swedish;Danish;Icelandic;Norwegian;English;French	     1	 0.00
Finnish;Swedish;Danish;Norwegian;English;German	     1	 0.00
Finnish;Swedish;Danish;Norwegian;English;German;French	     1	 0.00
Finnish;Swedish;Danish;Norwegian;German	     1	 0.00
Finnish;Swedish;Danish;Norwegian;German;Estonian;Latvian;Lithuanian;Polish;Russian	     1	 0.00
Finnish;Swedish;Danish;Norwegian;Icelandic;English;German	     1	 0.00
Finnish;Swedish;Danish;Norwegian;Icelandic;English;German;French;Italian;Spanish	     1	 0.00
Finnish;Swedish;Danish;Norwegian;Yiddish	     1	 0.00
Finnish;Swedish;English;Chinese;Ndonga	     1	 0.00
Finnish;Swedish;English;Danish;Norwegian	     1	 0.00
Finnish;Swedish;English;Estonian;German;Latvian;Lithuanian;Polish;Russian	     1	 0.00
Finnish;Swedish;English;Estonian;Hungarian;Russian	     1	 0.00
Finnish;Swedish;English;Estonian;Latvian	     1	 0.00
Finnish;Swedish;English;French;Estonian	     1	 0.00
Finnish;Swedish;English;French;Estonian;German;Russian	     1	 0.00
Finnish;Swedish;English;French;Italian	     1	 0.00
Finnish;Swedish;English;French;Italian;Portuguese	     1	 0.00
Finnish;Swedish;English;French;Russian;German;Dutch;Italian;Spanish;Portuguese	     1	 0.00
Finnish;Swedish;English;French;Spanish	     1	 0.00
Finnish;Swedish;English;French;Wolof	     1	 0.00
Finnish;Swedish;English;German;Estonian	     1	 0.00
Finnish;Swedish;English;German;Estonian;Russian	     1	 0.00
Finnish;Swedish;English;German;French;Dutch	     1	 0.00
Finnish;Swedish;English;German;French;Esperanto	     1	 0.00
Finnish;Swedish;English;German;French;Italian	     1	 0.00
Finnish;Swedish;English;German;French;Italian;Spanish;Portuguese	     1	 0.00
Finnish;Swedish;English;German;French;Russian;Chinese;Estonian	     1	 0.00
Finnish;Swedish;English;German;French;Russian;Spanish;Italian;Chinese	     1	 0.00
Finnish;Swedish;English;German;French;Spanish;Hungarian;Russian;Estonian	     1	 0.00
Finnish;Swedish;English;German;French;Spanish;Russian;Japanese;Somali;Arabic	     1	 0.00
Finnish;Swedish;English;German;Portuguese	     1	 0.00
Finnish;Swedish;English;German;Russian;Japanese	     1	 0.00
Finnish;Swedish;English;German;Spanish;French;Russian	     1	 0.00
Finnish;Swedish;English;German;Spanish;Russian;Estonian	     1	 0.00
Finnish;Swedish;English;Japanese	     1	 0.00
Finnish;Swedish;English;Latvian	     1	 0.00
Finnish;Swedish;English;Norwegian;Danish	     1	 0.00
Finnish;Swedish;English;Russian;Estonian	     1	 0.00
Finnish;Swedish;English;Russian;Polish	     1	 0.00
Finnish;Swedish;English;Russian;Spanish;Italian;Hebrew;Japanese;Polish	     1	 0.00
Finnish;Swedish;English;Spanish;Basque	     1	 0.00
Finnish;Swedish;English;Swahili	     1	 0.00
Finnish;Swedish;Estonian;English;German;French;Russian;Lithuanian;Latvian	     1	 0.00
Finnish;Swedish;Estonian;English;German;Latvian;Russian	     1	 0.00
Finnish;Swedish;Estonian;English;Russian;German	     1	 0.00
Finnish;Swedish;Estonian;German	     1	 0.00
Finnish;Swedish;Faroese	     1	 0.00
Finnish;Swedish;French;English;German	     1	 0.00
Finnish;Swedish;French;German;English	     1	 0.00
Finnish;Swedish;French;German;Italian	     1	 0.00
Finnish;Swedish;German;Danish	     1	 0.00
Finnish;Swedish;German;Dutch;English;Russian;French;Spanish	     1	 0.00
Finnish;Swedish;German;English;French	     1	 0.00
Finnish;Swedish;German;English;Latin	     1	 0.00
Finnish;Swedish;German;French;Russian	     1	 0.00
Finnish;Swedish;German;French;Spanish	     1	 0.00
Finnish;Swedish;German;Latvian;Lithuanian;Polish	     1	 0.00
Finnish;Swedish;Hungarian	     1	 0.00
Finnish;Swedish;Hungarian;French	     1	 0.00
Finnish;Swedish;Icelandic	     1	 0.00
Finnish;Swedish;Italian;Latin	     1	 0.00
Finnish;Swedish;Japanese	     1	 0.00
Finnish;Swedish;Kalâtdlisut	     1	 0.00
Finnish;Swedish;Northern Sami;Multiple languages	     1	 0.00
Finnish;Swedish;Norwegian;Danish;English	     1	 0.00
Finnish;Swedish;Norwegian;Danish;English;German;French;Dutch	     1	 0.00
Finnish;Swedish;Norwegian;Danish;Icelandic;English	     1	 0.00
Finnish;Swedish;Norwegian;German;Latin	     1	 0.00
Finnish;Swedish;Polish	     1	 0.00
Finnish;Swedish;Russian;English;French	     1	 0.00
Finnish;Swedish;Russian;German;English	     1	 0.00
Finnish;Swedish;Sami;Danish;Norwegian;German;Estonian;Latvian;Lithuanian;Polish	     1	 0.00
Finnish;Swedish;Sami;English;French	     1	 0.00
Finnish;Swedish;Sami;English;French;German	     1	 0.00
Finnish;Swedish;Sami;English;German;French	     1	 0.00
Finnish;Swedish;Sami;Norwegian	     1	 0.00
Finnish;Swedish;Sami;Norwegian;Russian	     1	 0.00
Finnish;Tatar;English	     1	 0.00
Finnish;Tibetan	     1	 0.00
Finnish;Uighur	     1	 0.00
Finnish;Ukrainian;English	     1	 0.00
Finnish;Undetermined;German	     1	 0.00
Finnish;Urdu	     1	 0.00
Finnish;Vietnamese;Swedish	     1	 0.00
Finnish;Votic	     1	 0.00
Finnish;Welsh	     1	 0.00
Finno-Ugrian (Other);English;Finnish	     1	 0.00
Finno-Ugrian (Other);Finnish;Russian	     1	 0.00
Finno-Ugrian (Other);French	     1	 0.00
Finno-Ugrian (Other);Northern Sami	     1	 0.00
French;English;Arabic	     1	 0.00
French;Finnish;English	     1	 0.00
French;Finnish;German	     1	 0.00
French;French, Old (ca. 842-1300)	     1	 0.00
French;Italian;Finnish	     1	 0.00
French;Lithuanian	     1	 0.00
French;Multiple languages	     1	 0.00
French;Norwegian	     1	 0.00
French;Russian;Ukrainian;Polish;Czech;Slovak;Serbian;Icelandic;Swedish;German;Low German;Dutch;English;Spanish;Italian;Greek, Modern (1453-);Armenian;Finnish;Hungarian;Tatar;Hebrew	     1	 0.00
French;Sami	     1	 0.00
French;Spanish;Italian;Japanese	     1	 0.00
French;Spanish;Italian;Portuguese	     1	 0.00
French;Swedish;Finnish	     1	 0.00
Fula	     1	 0.00
Galician;Finnish	     1	 0.00
Galician;Finnish;Italian;Spanish;Croatian;Chinese	     1	 0.00
German;Akkadian	     1	 0.00
German;Akkadian;Sumerian	     1	 0.00
German;Arabic	     1	 0.00
German;Bulgarian	     1	 0.00
German;Czech	     1	 0.00
German;English;Czech;Polish	     1	 0.00
German;English;Finnish;French	     1	 0.00
German;English;French;Spanish	     1	 0.00
German;English;French;Swedish;Finnish;Estonian;Hungarian;Dutch;Polish;Czech;Italian;Spanish	     1	 0.00
German;English;Russian	     1	 0.00
German;English;Russian;Finnish;Hungarian;Swedish	     1	 0.00
German;English;Spanish	     1	 0.00
German;English;Swedish	     1	 0.00
German;Estonian;English;Swedish	     1	 0.00
German;Finno-Ugrian (Other);Russian	     1	 0.00
German;French;Danish	     1	 0.00
German;French;English;Spanish	     1	 0.00
German;French;Swedish;English	     1	 0.00
German;Italian;French	     1	 0.00
German;Komi	     1	 0.00
German;Latin;French;Greek, Ancient (to 1453)	     1	 0.00
German;Latin;Greek, Ancient (to 1453)	     1	 0.00
German;Latin;Swedish	     1	 0.00
German;Mari	     1	 0.00
German;Miscellaneous languages	     1	 0.00
German;Miscellaneous languages;Selkup	     1	 0.00
German;Multiple languages	     1	 0.00
German;Norwegian;Finnish	     1	 0.00
German;Polish	     1	 0.00
German;Russian;English	     1	 0.00
German;Semitic (Other)	     1	 0.00
German;Slovak	     1	 0.00
German;Swedish;English	     1	 0.00
German;Turkish	     1	 0.00
German;Undetermined	     1	 0.00
Germanic (Other);Latin	     1	 0.00
Germanic (Other);Latin;English	     1	 0.00
Greek, Modern (1453-);Swedish	     1	 0.00
Hebrew;Greek, Ancient (to 1453);Latin	     1	 0.00
Hungarian;English;German;French;Russian	     1	 0.00
Hungarian;English;Italian	     1	 0.00
Hungarian;Erzya	     1	 0.00
Hungarian;Finnish;English;German;French;Russian	     1	 0.00
Hungarian;Finnish;English;German;Russian	     1	 0.00
Hungarian;Finnish;Estonian	     1	 0.00
Hungarian;French	     1	 0.00
Hungarian;German	     1	 0.00
Hungarian;Latin	     1	 0.00
Icelandic;Finnish;English;German	     1	 0.00
Ido;Artificial (Other);Swedish	     1	 0.00
Igbo	     1	 0.00
Inari Sami;Finnish	     1	 0.00
Inari Sami;Northern Sami;Skolt Sami;Sami;Finnish	     1	 0.00
Inari Sami;Sami	     1	 0.00
Inari Sami;Skolt Sami;Northern Sami;Finnish;Swedish	     1	 0.00
Indo-European (Other);Finnish;English	     1	 0.00
Indonesian;English	     1	 0.00
Indonesian;Finnish	     1	 0.00
Irish	     1	 0.00
Italian;Danish;Finnish;Norwegian;Swedish	     1	 0.00
Italian;English;German	     1	 0.00
Italian;Multiple languages	     1	 0.00
Italian;Portuguese	     1	 0.00
Italian;Swedish	     1	 0.00
Japanese;Finnish;English	     1	 0.00
Japanese;Sami	     1	 0.00
Kannada	     1	 0.00
Karelian;Finnish;Finno-Ugrian (Other)	     1	 0.00
Karelian;Finno-Ugrian (Other)	     1	 0.00
Kazakh	     1	 0.00
Khmer	     1	 0.00
Khoisan (Other)	     1	 0.00
Kikuyu	     1	 0.00
Klingon (Artificial language);Finnish	     1	 0.00
Komi;Finnish	     1	 0.00
Kongo	     1	 0.00
Korean;English	     1	 0.00
Korean;Finnish	     1	 0.00
Kurdish;Finnish	     1	 0.00
Lao	     1	 0.00
Latin;English;French;German;Swedish	     1	 0.00
Latin;English;French;Hebrew	     1	 0.00
Latin;English;French;Italian;Dutch;Greek, Ancient (to 1453)	     1	 0.00
Latin;English;French;Swedish;Italian	     1	 0.00
Latin;English;Swedish;French	     1	 0.00
Latin;Estonian	     1	 0.00
Latin;Finnish;French;Swedish	     1	 0.00
Latin;Finnish;German	     1	 0.00
Latin;Finnish;Greek, Ancient (to 1453)	     1	 0.00
Latin;Finnish;Swedish;English	     1	 0.00
Latin;French;German;Swedish	     1	 0.00
Latin;French;Greek, Ancient (to 1453)	     1	 0.00
Latin;French;Swedish;German	     1	 0.00
Latin;French;Swedish;Greek, Ancient (to 1453)	     1	 0.00
Latin;German;Finnish	     1	 0.00
Latin;German;French;Swedish	     1	 0.00
Latin;German;Hebrew;French;Swedish	     1	 0.00
Latin;German;Swedish;Finnish	     1	 0.00
Latin;German;Swedish;French	     1	 0.00
Latin;Greek, Ancient (to 1453);English;French;Hebrew	     1	 0.00
Latin;Greek, Ancient (to 1453);English;Hebrew;Swedish	     1	 0.00
Latin;Greek, Ancient (to 1453);German;Swedish	     1	 0.00
Latin;Greek, Ancient (to 1453);German;Swedish;Hebrew	     1	 0.00
Latin;Greek, Ancient (to 1453);Hebrew;Swedish;Finnish	     1	 0.00
Latin;Greek, Ancient (to 1453);Swedish;Finnish;German;Dutch;Italian	     1	 0.00
Latin;Greek, Ancient (to 1453);Swedish;German	     1	 0.00
Latin;Greek, Ancient (to 1453);Syriac, Modern	     1	 0.00
Latin;Greek, Modern (1453-);Swedish	     1	 0.00
Latin;Hebrew;English	     1	 0.00
Latin;Hebrew;Greek, Ancient (to 1453);Swedish	     1	 0.00
Latin;Hebrew;Greek, Ancient (to 1453);Swedish;Finnish	     1	 0.00
Latin;Italian;Greek, Ancient (to 1453)	     1	 0.00
Latin;Russian;Swedish	     1	 0.00
Latin;Swedish;English;Finnish	     1	 0.00
Latin;Swedish;English;French	     1	 0.00
Latin;Swedish;Finnish;English	     1	 0.00
Latin;Swedish;German;French	     1	 0.00
Latin;Swedish;German;French;Finnish;Hebrew;Greek, Ancient (to 1453)	     1	 0.00
Latin;Swedish;German;Greek, Ancient (to 1453)	     1	 0.00
Latin;Swedish;Greek, Ancient (to 1453);Hebrew	     1	 0.00
Latin;Swedish;Hebrew;Greek, Ancient (to 1453)	     1	 0.00
Latin;Syriac	     1	 0.00
Latin;Syriac;German;Hebrew;Greek, Ancient (to 1453)	     1	 0.00
Latin;Turkish	     1	 0.00
Low German	     1	 0.00
Lule Sami;Sami	     1	 0.00
Malayalam	     1	 0.00
Marathi	     1	 0.00
Mari;Komi;Erzya;Udmurt	     1	 0.00
Miscellaneous languages	     1	 0.00
Miscellaneous languages;German	     1	 0.00
Moksha;Finnish	     1	 0.00
Moldavian	     1	 0.00
Multiple languages;English	     1	 0.00
Multiple languages;English;German;Dutch;Spanish	     1	 0.00
Multiple languages;English;Swedish;Finnish	     1	 0.00
Multiple languages;English;Swedish;German;Finnish;Russian	     1	 0.00
Multiple languages;Finnish	     1	 0.00
Ndonga;English	     1	 0.00
No linguistic content	     1	 0.00
No linguistic content;Finnish	     1	 0.00
Northern Sami;English	     1	 0.00
Northern Sami;Inari Sami;Skolt Sami;Finnish	     1	 0.00
Northern Sami;Multiple languages	     1	 0.00
Northern Sami;Norwegian	     1	 0.00
Northern Sami;Russian	     1	 0.00
Norwegian;Danish;Swedish;Finnish	     1	 0.00
Norwegian;English;Swedish	     1	 0.00
Norwegian;Finnish;English	     1	 0.00
Norwegian;Finnish;German	     1	 0.00
Norwegian;Finnish;Swedish;Danish	     1	 0.00
Norwegian;French	     1	 0.00
Norwegian;Italian	     1	 0.00
Norwegian;Sami;Finnish	     1	 0.00
Norwegian;Spanish	     1	 0.00
Norwegian;Swedish;Danish;English	     1	 0.00
Norwegian;Swedish;English	     1	 0.00
Norwegian;Swedish;Sami	     1	 0.00
Oriya	     1	 0.00
Ossetic	     1	 0.00
Polish;Finnish;Estonian	     1	 0.00
Polish;German	     1	 0.00
Portuguese;English;Finnish	     1	 0.00
Portuguese;Spanish;Finnish	     1	 0.00
Portuguese;Umbundu	     1	 0.00
Romance (Other);Finnish	     1	 0.00
Romance (Other);German;Italian	     1	 0.00
Russian;English;Finnish;French	     1	 0.00
Russian;English;French;Finnish	     1	 0.00
Russian;English;German;Finnish	     1	 0.00
Russian;English;German;French;Hungarian;Finnish	     1	 0.00
Russian;Esperanto	     1	 0.00
Russian;Esperanto;Portuguese;Finnish	     1	 0.00
Russian;Estonian	     1	 0.00
Russian;Estonian;Finnish	     1	 0.00
Russian;Finnish;Karelian	     1	 0.00
Russian;Finnish;Swedish;German	     1	 0.00
Russian;German;English;Finnish	     1	 0.00
Russian;Greek, Ancient (to 1453)	     1	 0.00
Russian;Hungarian	     1	 0.00
Russian;Japanese	     1	 0.00
Russian;Karelian;Finnish	     1	 0.00
Russian;Multiple languages	     1	 0.00
Russian;Sami	     1	 0.00
Russian;Swedish;Finnish	     1	 0.00
Russian;Swedish;German;French	     1	 0.00
Russian;Tatar	     1	 0.00
Russian;Undetermined	     1	 0.00
Sami;Danish	     1	 0.00
Sami;English;Finnish;Swedish;Russian	     1	 0.00
Sami;Finnish;English;Swedish;Russian	     1	 0.00
Sami;Finnish;Swedish	     1	 0.00
Sami;Inari Sami;Skolt Sami	     1	 0.00
Sami;Inari Sami;Skolt Sami;Northern Sami;Finnish	     1	 0.00
Sami;Northern Sami;Finnish;Norwegian	     1	 0.00
Sami;Northern Sami;Finnish;Swedish;Russian	     1	 0.00
Sami;Northern Sami;Inari Sami;Skolt Sami	     1	 0.00
Sami;Northern Sami;Norwegian;English	     1	 0.00
Sami;Norwegian;Danish	     1	 0.00
Sami;Norwegian;English	     1	 0.00
Sami;Norwegian;Finnish;English;Russian	     1	 0.00
Sami;Norwegian;Swedish	     1	 0.00
Sami;Skolt Sami;Northern Sami;Finnish	     1	 0.00
Sami;Swedish;English	     1	 0.00
Sanskrit	     1	 0.00
Sanskrit;Finnish	     1	 0.00
Semitic (Other)	     1	 0.00
Serer	     1	 0.00
Sign languages	     1	 0.00
Slavic (Other)	     1	 0.00
Slovak;Finnish	     1	 0.00
Slovenian;Undetermined	     1	 0.00
Southern Sami	     1	 0.00
Spanish;Arabic	     1	 0.00
Spanish;Basque;Catalan	     1	 0.00
Spanish;Catalan	     1	 0.00
Spanish;Chinese	     1	 0.00
Spanish;English;French	     1	 0.00
Spanish;Hindi	     1	 0.00
Spanish;Japanese;Chinese;French;Russian	     1	 0.00
Spanish;Portuguese	     1	 0.00
Sumerian;Finnish	     1	 0.00
Swahili;Undetermined	     1	 0.00
Swedish;Albanian	     1	 0.00
Swedish;Arabic;Persian;Turkish	     1	 0.00
Swedish;Aramaic;Latin	     1	 0.00
Swedish;Danish;Faroese;Finnish;Icelandic;Norwegian	     1	 0.00
Swedish;Danish;Finnish	     1	 0.00
Swedish;Danish;Finnish;English	     1	 0.00
Swedish;Danish;Finnish;Faroese;Icelandic;Norwegian	     1	 0.00
Swedish;Danish;Icelandic	     1	 0.00
Swedish;Danish;Norwegian (Bokmål)	     1	 0.00
Swedish;Danish;Norwegian;Finnish;English;French;German	     1	 0.00
Swedish;Dutch	     1	 0.00
Swedish;English;Chinese	     1	 0.00
Swedish;English;Dutch;French	     1	 0.00
Swedish;English;French;Danish;Norwegian;Finnish	     1	 0.00
Swedish;English;French;German;Danish;Finnish	     1	 0.00
Swedish;English;French;German;Finnish	     1	 0.00
Swedish;English;French;German;Finnish;Norwegian	     1	 0.00
Swedish;English;French;German;Finnish;Russian	     1	 0.00
Swedish;English;French;Spanish;German;Danish;Norwegian;Finnish;Russian	     1	 0.00
Swedish;English;French;Spanish;German;Finnish	     1	 0.00
Swedish;English;German;French;Chinese	     1	 0.00
Swedish;English;German;French;Japanese	     1	 0.00
Swedish;English;German;French;Russian;Italian	     1	 0.00
Swedish;English;German;French;Spanish;Russian;Dutch;Italian	     1	 0.00
Swedish;English;German;French;Spanish;Russian;Estonian;Italian;Norwegian;Dutch	     1	 0.00
Swedish;English;German;Japanese;Russian	     1	 0.00
Swedish;English;Greek, Modern (1453-)	     1	 0.00
Swedish;English;Thai	     1	 0.00
Swedish;Finnish;Croatian;Greek, Modern (1453-);Spanish;English;French	     1	 0.00
Swedish;Finnish;Danish;Italian;German	     1	 0.00
Swedish;Finnish;Danish;Norwegian	     1	 0.00
Swedish;Finnish;Danish;Norwegian;English;German;French	     1	 0.00
Swedish;Finnish;English;Norwegian;Danish;Icelandic	     1	 0.00
Swedish;Finnish;German;Russian	     1	 0.00
Swedish;Finnish;Norwegian;Danish;English	     1	 0.00
Swedish;Finnish;Norwegian;Danish;Icelandic	     1	 0.00
Swedish;Finnish;Norwegian;English	     1	 0.00
Swedish;Finnish;Norwegian;English;French	     1	 0.00
Swedish;Finno-Ugrian (Other);Finnish	     1	 0.00
Swedish;French;Latin;German	     1	 0.00
Swedish;French;Russian	     1	 0.00
Swedish;German;Danish	     1	 0.00
Swedish;German;Finnish;English	     1	 0.00
Swedish;German;Finnish;Latin	     1	 0.00
Swedish;German;French;Arabic;Latin	     1	 0.00
Swedish;German;Russian	     1	 0.00
Swedish;Greek, Modern (1453-)	     1	 0.00
Swedish;Greek, Modern (1453-);Latin	     1	 0.00
Swedish;Hebrew	     1	 0.00
Swedish;Icelandic	     1	 0.00
Swedish;Iranian (Other)	     1	 0.00
Swedish;Japanese	     1	 0.00
Swedish;Kurdish	     1	 0.00
Swedish;Latin;French;Greek, Ancient (to 1453)	     1	 0.00
Swedish;Latin;German;French;Italian	     1	 0.00
Swedish;Latin;Hebrew	     1	 0.00
Swedish;Latin;Russian	     1	 0.00
Swedish;Latvian	     1	 0.00
Swedish;Lule Sami	     1	 0.00
Swedish;Norwegian;Danish;Finnish	     1	 0.00
Swedish;Norwegian;English;German;French;Dutch	     1	 0.00
Swedish;Norwegian;Faroese;Kalâtdlisut;Icelandic;Danish	     1	 0.00
Swedish;Norwegian;Slavey	     1	 0.00
Swedish;Old Norse	     1	 0.00
Swedish;Persian;English;Finnish	     1	 0.00
Swedish;Polish	     1	 0.00
Swedish;Portuguese	     1	 0.00
Swedish;Rundi	     1	 0.00
Swedish;Russian;Estonian	     1	 0.00
Swedish;Russian;Finnish;German	     1	 0.00
Swedish;Russian;Norwegian	     1	 0.00
Swedish;Sami;Norwegian	     1	 0.00
Swedish;Thai	     1	 0.00
Swedish;Votic	     1	 0.00
Tai (Other);English	     1	 0.00
Tamil	     1	 0.00
Tatar;Arabic	     1	 0.00
Tatar;English	     1	 0.00
Tatar;Finnish	     1	 0.00
Thai;English	     1	 0.00
Tibetan	     1	 0.00
Tigré	     1	 0.00
Tongan	     1	 0.00
Turkish;German	     1	 0.00
Turkish;Undetermined;Finnish	     1	 0.00
Turkmen	     1	 0.00
Udmurt;Finnish	     1	 0.00
Ukrainian;English;Russian	     1	 0.00
Ukrainian;Russian	     1	 0.00
Ukrainian;Russian;Danish;Norwegian;Finnish;Swedish	     1	 0.00
Undetermined;Finnish	     1	 0.00
Urdu	     1	 0.00
Uzbek	     1	 0.00
Votic;Finnish;Estonian;Russian;English	     1	 0.00
Wolof	     1	 0.00
Xhosa	     1	 0.00
