genre;language
1780-luku;Finnish
1930-luku;Finnish
A cappella -musiikki;Finnish
A cappella-musik;Swedish
Aapiset;Finnish
Aariat;Finnish
Aatedraamat;Finnish
Aateromaanit;Finnish
Abbreviations;English
ABC-böcker;Swedish
Abc-böcker;Swedish
Abstracts;English
Absurd teater;Swedish
Absurdi;Finnish
Absurdi teatteri;Finnish
Academic Dissertation;English
Academic Dissertations;English
Academic dissertation;English
Academic dissertations;English
Academic theses;English
Ackompanjemang;Swedish
Ackordtabeller;Swedish
Actionfilmer;Swedish
Actionromaner;Swedish
Actionserier (tecknade serier);Swedish
Actionspel;Swedish
Addresses;English
Adressförteckningar;Swedish
Adventure fiction;English
Adventure stories;English
Affischer;Swedish
Aforismer;Swedish
Aforismit;Finnish
Afroamerikansk litteratur;Swedish
Afroamerikkalainen kirjallisuus;Finnish
Aihebibliografiat;Finnish
Aikakausiromaanit;Finnish
Aikakauslehdet;Finnish
Aikakauslehtisarjakuvat;Finnish
Aikakausromaanit;Finnish
Aikuisopiskelu;Finnish
Aineskokoelmat;Finnish
Airer;Swedish
Airit;Finnish
Ajankuvaus;Finnish
Ajopelit;Finnish
Akkadinkielinen kirjallisuus;Finnish
Aktiivisuus;Finnish
Alajärvi;Finnish
Alatyyliset teokset;Finnish
Albaniankielinen kirjallisuus;Finnish
Alkeistaso;Finnish
Allars;Swedish
Allegoriat;Finnish
Allegorier;Swedish
Allmänna tidskrifter;Swedish
Almanackor;Swedish
Almanakat;Finnish
Aluebibliografiat;Finnish
Aluelehdet;Finnish
Amatörpjäser;Swedish
Amerikafinländsk litteratur;Swedish
Amerikansuomalainen kirjallisuus;Finnish
Amerikkalainen kirjallisuus;Finnish
Ammattilehdet;Finnish
Ammattiyhdistyslehdet;Finnish
Ammuntapelit;Finnish
Anagram;Swedish
Anagrammit;Finnish
Analys och tolkning;Swedish
Analyysimenetelmät;Finnish
Andakter;Swedish
Andaktsböcker;Swedish
Andlig musik (kristendom);Swedish
Andlig underhållningsmusik;Swedish
Andliga barnvisor;Swedish
Andliga sånger;Swedish
Andliga sånger (kristendom);Swedish
Anekdoter;Swedish
Animaatioelokuvat;Finnish
Animerade filmer;Swedish
Annual Reports;English
Antioksidantit;Finnish
Antioksidanttiaktiivisuus;Finnish
Antologiat;Finnish
Antologier;Swedish
Antosyaanit;Finnish
Anvisningar;Swedish
Apokryfer;Swedish
Apokryfit;Finnish
Arabiankielinen kirjallisuus;Finnish
Arbetarlitteratur;Swedish
Arbetarmusik;Finnish
Arbetarsånger;Swedish
Arbetartidningar;Swedish
Arbetssånger;Swedish
Arior;Swedish
Arkkiveisut;Finnish
Aromi;Finnish
Arrangemang;Swedish
Arrangemang (musik);Swedish
Artikkelit;Finnish
Arvoitukset;Finnish
Arvostelut;Finnish
Asarjakuvat;Finnish
Asetukset;Finnish
Asiakaslehdet;Finnish
Asiakirjaoppaat;Finnish
Asumislehdet;Finnish
Asiasanastot;Finnish
Askungeberättelser;Swedish
Atlases;English
Aufsatzsammlung;Swedish
Aukkokirjat;Finnish
Ausstellungskatalog;Swedish
Authors' presentation inscriptions (Provenance);English
Autobiography;English
Autobiography as Topic;English
Autofiktio;Finnish
Autofiktion; Swedish
Autolehdet;Finnish
Avainromaanit;Finnish
Avantgarde;Swedish
Avaruusoopperat;Finnish
Avhandlingar;Swedish
Avioliittoromaanit;Finnish
Avstavningsböcker;Swedish
Azerinkielinen kirjallisuus;Finnish
Babytidningar;Swedish
Baklängesordböcker;Swedish
Ballader (litteratur);Swedish
Ballader (sånger);Swedish
Balladit;Finnish
Balladit (kirjallisuus);Finnish
Balladit (laulut);Finnish
Barn (åldersgrupper);Swedish
Barnbiblar;Swedish
Barndikter;Swedish
Barnfilmer;Swedish
Barnlitteratur;Swedish
Barnmusik;Swedish
Barnpjäser;Swedish
Barnprogram;Swedish
Barnromaner;Swedish
Barnserier;Swedish
Barnskildringar;Swedish
Barnspel;Swedish
Barntidningar;Swedish
Barnvisor;Swedish
Barometrit;Finnish
Baskinkielinen kirjallisuus;Finnish
Bearbetningar till romaner;Swedish
Bearbetningar till skådespel;Swedish
Bearbetningar till spel;Swedish
Bearbetningar till tecknade serier;Swedish
Beatkirjallisuus;Finnish
Beatlitteratur;Swedish
Befolkningsböcker;Swedish
Bekännelseskrifter;Swedish
Bembölesagor;Swedish
Bengalinkielinen kirjallisuus;Finnish
Berättelser;Swedish
Berättelser med öppet slut;Swedish
Bestämmelser;Swedish
Betänkanden;Swedish
Bibliografi;Swedish
Bibliografiat;Finnish
Bibliografier;Swedish
Bibliographies;English
Bibliography;English
Bibliska berättelser;Swedish
Bildband;Swedish
Bildböcker;Swedish
Bilderböcker;Swedish
Bildkonstverk;Swedish
Bildordböcker;Swedish
Bildromaner;Swedish
Bildungsromaner;Swedish
Bildverk;Swedish
Biltidningar;Swedish
Biografi;Swedish
Biografier;Swedish
Biografiska romaner;Swedish
Biografiska serier;Swedish
Biografiska serier (tecknade serier);Swedish
Biografiska tecknade serier;Swedish
Biographies;English
Biography;English
Black humor (Literature);English
Blanketter;Swedish
Bloggar;Swedish
Bloggtexter;Swedish
Blogikirjoitukset;Finnish
Blogit;Finnish
Blues;English
Bookplates;English
Bossa nova;Finnish
Bostadstidningar;Swedish
Brev;Swedish
Brevromaner;Swedish
Broschyrer;Swedish
Brottmålsromaner;Swedish
Brudvalser;Swedish
Brädspel;Swedish
Bröder;Swedish
Bröllopsmarscher;Swedish
Bröllopsmusik;Swedish
Bröllopstidningar;Swedish
Bulgariankielinen kirjallisuus;Finnish
Burmankielinen kirjallisuus;Finnish
Bygderomaner;Swedish
Byggnadshistoriker;Swedish
Byggnadsinstruktioner;Swedish
Byggtidningar;Swedish
Bylinat;Finnish
Bylinor;Swedish
Bysantisk kyrkomusik;Swedish
Bysanttilainen kirkkomusiikki;Finnish
Båttidningar;Swedish
Böcker för unga vuxna;Swedish
Böcker med bildeffekter;Swedish
Böcker med fixeringsbilder;Swedish
Böcker med griffelsidor;Swedish
Böcker med ljudeffekter;Swedish
Böcker på lätt språk;Swedish
Bönböcker;Swedish
Böner;Swedish
Candida milleri;Finnish
Caricatures;English
Cartoon;English
Cartoons;English
Case Reports;English
Catalogs;English
Centrallyrik;Swedish
Chaconner;Swedish
Chaconnet;Swedish
Chansoner;Swedish
Chansonit;Finnish
Chick lit;English
Children's literature;English
Choro;Swedish
Cirkulär;Swedish
Citat;Swedish
Clinical Trial;English
Cohort Studies;English
Collage;English
Collageromaner;Swedish
Collected Correspondence;English
Collected Works;English
Comparative Study;English
Conference papers and proceedings;English
Congress;English
Congresses;English
Controlled Clinical Trial;English
Cookbook;English
Cookbooks;English
Cookery books;English
Country;English
Criticism;English
Cyberpunk;English
Dagboksromaner;Swedish
Dagböcker;Swedish
Dagspresserier;Swedish
Dagstidningar;Swedish
Dainat;Finnish
Dainos;Swedish
Daisy-kirjat;Finnish
Damtidningar;Swedish
Dance reviews;English
Dansk litteratur;Swedish
Dansmusik;Swedish
Dansrecensioner;Swedish
Danstidningar;Swedish
Darinkielinen kirjallisuus;Finnish
Databaser;Swedish
Datorspel;Swedish
Datortidskrifter;Swedish
Death metal;English
Debattlitteratur;Swedish
Debutverk;Swedish
Dekalböcker;Swedish
Detective and mystery stories;English
Detektivlitteratur;Swedish
Dialektlitteratur;Swedish
Dialektprov;Swedish
Dialoger;Swedish
Dialogi;Swedish
Dialogit;Finnish
Diaries;English
Diary;English
Dictionaries;English
Dictionary;English
Digitaaliset pelit;Finnish
Digitala spel;Swedish
Diktbilderböcker;Swedish
Dikter;Swedish
Dikter med kalevalamått;Swedish
Dikter på kalevalamått;Swedish
Diplomarbeten;Swedish
Diplomityöt;Finnish
Directories;English
Directory;English
Direktiivit;Finnish
Direktiv;Swedish
Diskografiat;Finnish
Diskografier;Swedish
Dissertationer;Swedish
Dissertations;English
Dixieland;Swedish
Djungelserier (tecknade serier);Swedish
Djurberättelser;Swedish
Djurdikter;Swedish
Djursagor;Swedish
Djurtidningar;Swedish
Dockskådespel;Swedish
Doftböcker;Swedish
Doktorsavhandlingar;Swedish
Dokumenttielokuvat;Finnish
Dokumenttikirjallisuus;Finnish
Dokumenttinäytelmät;Finnish
Dokumenttiromaanit;Finnish
Dokumentära skådespel;Swedish
Dokumentärfilmer;Swedish
Dokumentärlitteratur;Swedish
Dokumentärromaner;Swedish
Domestic fiction;English
Draamakomediat;Finnish
Draamasarjat;Finnish
Dragspelsböcker;Swedish
Dragspelsjazz;Swedish
Drama;Finnish
Dramakomedier;Swedish
Dramaserier;Swedish
Dramatik;Swedish
Dramatiseringar;Swedish
Dramatisoinnit;Finnish
Dryckesvisor;Swedish
Drömböcker;Swedish
Duetot;Finnish
Duetter;Swedish
Duor;Swedish
Duot;Finnish
Dystopiat;Finnish
Dystopier;Swedish
Dödsannonser;Swedish
E-böcker;Swedish
Eepokset;Finnish
Effektböcker;Swedish
Efterlysningar;Swedish
Egenvårdsguider;Swedish
E-kirjat;Finnish
Ekonomitidningar;Swedish
Ekothrillers;English
Ekotrillerit;Swedish
Electronic books;English
Electronic journals;English
Elegiat (runot);Finnish
Elegier (dikter);Swedish
E-lehdet;Finnish
Elektroninen populaarimusiikki;Finnish
Elektronisk populärmusik;Swedish
Elektroniska tidskrifter;Swedish
Elintarvike-ekonomia;Finnish
Elintarvikekemia;Finnish
Elintarviketeknologia;Finnish
Elintarviketeknologia opinnäytteet;Finnish
Elintarvikkeet;Finnish
Ellibs;Swedish
Elokuva-arvostelut;Finnish
Elokuvakäsikirjoitukset;Finnish
Elokuvalehdet;Finnish
Elokuvamusiikki;Finnish
Elokuvat;Finnish
Eläinkertomukset;Finnish
Eläinkirjat;Finnish
Eläinlehdet;Finnish
Eläinrunot;Finnish
Eläinsadut;Finnish
Eläinsarjakuvat;Finnish
Eläintarinat;Finnish
Elämäkerralliset romaanit;Finnish
Elämäkerrat;Finnish
Elämäkertaromaanit;Finnish
Elämäkertasarjakuvat;Finnish
Elämänfilosofia;Finnish
Elämäntaito-oppaat;Finnish
Elämätaito-oppaat;Finnish
Emigrantlitteratur;Swedish
Emigranttikirjallisuus;Finnish
Encyclopedias;English
Encyklopedier;Swedish
Encyklopediska romaner;Swedish
Endagsromaner;Swedish
Engelsk litteratur;Swedish
Engelsk översättning;Swedish
Englannin kieli;Finnish
Englanninkielinen kaunokirjallisuus;Finnish
Englanninkielinen kirjallisuus;Finnish
Englanninkielinen käännös;Finnish
Ensamspel;Swedish
Ensyklopediset romaanit;Finnish
Entsyymit;Finnish
Epigram;Swedish
Epigrammit;Finnish
Epik;Swedish
Episka dikter;Swedish
Episodiromaanit;Finnish
Episodisarjakuvat;Finnish
Episodromaner;Swedish
Episodserier (tecknade serier);Swedish
Epos;Swedish
Erikoisbibliografiat;Finnish
Eripainokset;Finnish
Erisäätyisyys;Finnish
Eroottinen kirjallisuus;Finnish
Eroottiset sarjakuvat;Finnish
Erotiikka;Finnish
Erotisk litteratur;Swedish
Erotiska serier;Swedish
Erotiska serier (tecknade serier);Swedish
Eräkertomukset;Finnish
Eräkirjallisuus;Finnish
Erälehdet;Finnish
Eseenovellit;Finnish
Esikoisromaanit;Finnish
Esikoisteokset;Finnish
Esitelmät;Finnish
Esitteet;Finnish
Espanjan kieli;Finnish
Espanjankielinen kaunokirjallisuus;Finnish
Espanjankielinen kirjallisuus;Finnish
Essay;English
Essays;English
Esseenovellit;Finnish
Esseet;Finnish
Essäer;Swedish
Essänoveller;Swedish
Estnisk litteratur;Swedish
Estradpoesi;Finnish
Etiketthandböcker;Swedish
Etsintäkuulutukset;Finnish
Etsiväkirjat;Finnish
Etyder;Swedish
Etydit;Finnish
Etymologiset sanakirjat;Finnish
Etymologiska ordböcker;Swedish
Evaluation Studies;English
Evaluation Study;English
Evangelier;Swedish
Evankeliumit;Finnish
Evenemangstidningar;Swedish
Evergreens;Swedish
Exillitteratur;Swedish
Experimentell litteratur;Swedish
Experimentella dikter;Swedish
Experimentella romaner;Swedish
Experimentella serier;Swedish
Experimentella serier (tecknade serier);Swedish
E-äänikirjat;Finnish
Faabelit;Finnish
Fabeldjursserier;Swedish
Fabeldjursserier (tecknade serier);Swedish
Fabler;Swedish
Fackföreningstidningar;Swedish
Facktidskrifter;Swedish
Fado;Swedish
Fadot;Finnish
Faksimil;Swedish
Faktaserier (tecknade serier);Swedish
Familjeromaner;Swedish
Familjeserier (tecknade serier);Swedish
Familjetidningar;Swedish
Fantasiaelokuvat;Finnish
Fantasiakirjallisuus;Finnish
Fantasiapelit;Finnish
Fantasiasarjakuvat;Finnish
Fantasiat;Finnish
Fantasiat (musiikki);Finnish
Fantasier;Swedish
Fantasier (musik);Swedish
Fantasyfilmer;Swedish
Fantasylitteratur;Swedish
Fantasyserier;Swedish
Fantasyserier (tecknade serier);Swedish
Fantasyspel;Swedish
Fanziner;Swedish
Fanzinet;Finnish
Farser;Swedish
Farssit;Finnish
Festmusik;Swedish
Festschriften;Swedish
Festskrifter;Swedish
Fiction;English
Fictional autobiographies;English
Fictional Work;English
Fictional Works;English
Fictional works;English
Figurdikter;Swedish
Film noir;Swedish
Film och fotografi;Swedish
Filmatiseringar;Swedish
Filmatisoinnit;Finnish
Filmatut kirjat;Finnish
Filmer;Swedish
Filmmanuskript;Swedish
Filmmusik;Swedish
Filmografiat;Finnish
Filmografier;Swedish
Filmrecensioner;Swedish
Filmtidskrifter;Swedish
Filosofiset romaanit;Finnish
Filosofiset runot;Finnish
Filosofiska dikter;Swedish
Filosofiska romaner;Swedish
Finland;English
Finlandssvensk litteratur;Swedish
Finsk litteratur;Swedish
Finsk skönlitteratur;Swedish
Flamenco;Swedish
Flavonoidit;Finnish
Flerspråkiga böcker (parallellöversättningar);Swedish
Flerspråkiga ordböcker;Swedish
Flickböcker;Swedish
Flickserier (tecknade serier);Swedish
Flikböcker;Swedish
Flipback-böcker;Swedish
Floror;Swedish
Folk rock;English
Folk song texts;English
Folkblues;English
Folkdikter;Swedish
Folkepos;Swedish
Folkliga berättelser;Swedish
Folklustspel;Swedish
Folkmusiikki;Finnish
Folkmusik;Swedish
Folkrock (akustisk);Swedish
Folkrock (förstärkt);Swedish
Folksagor;Swedish
Folksägner;Swedish
Folkvisor;Swedish
Formskurna böcker;Swedish
Formularies;English
Formulärhandböcker;Swedish
Fornnordiska sagor;Swedish
Forskningskataloger;Swedish
Forskningsrapporter;Swedish
Fosterländsk musik;Swedish
Fotoböcker;Swedish
Fotoromaner;Swedish
Fotoserier;Swedish
Fototidningar;Swedish
Fransk litteratur;Swedish
Frågesportsfrågor;Swedish
Fusionsmusik;Swedish
Fuusiomusiikki;Finnish
Färgserier;Swedish
Fäärinkielinen kirjallisuus;Finnish
Följetonger;Swedish
Fönsterböcker;Swedish
Föredrag;Swedish
Föreläsningar;Swedish
Företagshistoriker;Swedish
Författningssamlingar;Swedish
Förkortade versioner;Swedish
Förordningar;Swedish
Församlingshistoriker;Swedish
Förstamajtidningar;Swedish
Förteckningar;Swedish
Föräldraguider;Swedish
Galegonkielinen kirjallisuus;Finnish
Gangsterfilmer;Swedish
Gangsterielokuvat;Finnish
Geologiset kartat;Finnish
Geologiska kartor;Swedish
Gesällvisor;Swedish
Gluteeni;Finnish
Godnattsagor;Swedish
Goottilaiset romaanit;Finnish
Gospelmusiikki;Finnish
Gospelmusik;Swedish
Gospelrock;Swedish
Gotiska romaner;Swedish
Grafiska noveller;Swedish
Grafiska romaner;Swedish
Grammatikböcker;Swedish
Graphic novels;English
Gratistidningar;Swedish
Gravinskrifter;Swedish
Grepptabeller;Swedish
Griftetal;Swedish
Groteski;Swedish
Gråtkväden;Swedish
Guidebook;English
Guidebooks;English
Guideböcker;Swedish
Guidekartor;Swedish
Guideline;English
Guidelines;English
Guidelines as Topic;English
Guider;Swedish
Gymnasiet;Swedish
Gåtor;Swedish
Haastattelut;Finnish
Haikudikter;Swedish
Haikut;Finnish
Haitarijazz;Finnish
Haitarikirjat;Finnish
Hakemistot;Finnish
Hakukonerunous;Finnish
Hakuteokset;Finnish
Handarbetsbeskrivningar;Swedish
Handarbetstidningar;Swedish
Handbook;English
Handbooks;English
Handböcker;Swedish
Handledningar i uppfostringsfrågor;Swedish
Hapetus;Finnish
Hard rock;English
Harjoitusaineistot;Finnish
Harjoituskirjat;Finnish
Harrastajakirjoittajat;Finnish
Harrastekirjat;Finnish
Harrastelehdet;Finnish
Hartauskirjat;Finnish
Hartauspuheet;Finnish
Hautakirjoitukset;Finnish
Hautauspuheet;Finnish
Heavy metal;English
Hebreankielinen kirjallisuus;Finnish
Heliga skrifter;Swedish
Helppolukuiset kirjat;Finnish
Helsingin yliopiston ohjelma;Finnish
Hembygdsskildringar;Swedish
Hembygdssånger;Swedish
Hembygdstidningar;Swedish
Hengellinen musiikki (kristinusko);Finnish
Hengellinen viihdemusiikki;Finnish
Hengelliset lastenlaulut;Finnish
Hengelliset laulut;Finnish
Hengelliset laulut (kristinusko);Finnish
Henkilöbibliografiat;Finnish
Henkilöhakemistot;Finnish
Henkilöhistoria;Finnish
Henkilökuntalehdet;Finnish
Henkilökuvat;Finnish
Henkilökuvat (henkilöhistoria);Finnish
Henkilörekisterit;Finnish
Henkilöstölehdet;Finnish
Hepreankielinen kirjallisuus;Finnish
Herrgårdsromaner;Swedish
Herrtidningar;Swedish
Hevoskirjat;Finnish
Hiiret;Finnish
Hinnastot;Finnish
Hip hop;English
Historia;Finnish
Historiallinen jännityskirjallisuus;Finnish
Historiallinen kirjallisuus;Finnish
Historialliset elokuvat;Finnish
Historialliset kartat;Finnish
Historialliset kertomukset;Finnish
Historialliset novellit;Finnish
Historialliset nuortenkirjat;Finnish
Historialliset näytelmät;Finnish
Historialliset rakkausromaanit;Finnish
Historialliset romaanit;Finnish
Historialliset sarjakuvat;Finnish
Historialliset seikkailukirjat;Finnish
Historialliset seikkailuromaanit;Finnish
Historialliset tarinat;Finnish
Historialliset televisiosarjat;Finnish
Historical comics;English
Historical fiction;English
Historiikit;Finnish
Historiker;Swedish
Historiker (verk);Swedish
Historiska berättelser;Swedish
Historiska dramer;Swedish
Historiska filmer;Swedish
Historiska kartor;Swedish
Historiska kärleksromaner;Swedish
Historiska noveller;Swedish
Historiska romaner;Swedish
Historiska serier (tecknade serier);Swedish
Historiska skildringar;Swedish
Historiska sägner;Swedish
Historiska thrillers (litteratur);Swedish
Historiska tv-serier;Swedish
Historiska äventyrsromaner;Swedish
History;English
Hitit;Finnish
Hits;English
Hobbyböcker;Swedish
Hobbytidningar;Swedish
Hoitosuositukset;Finnish
Hollannin kieli;Finnish
Hollanninkielinen kirjallisuus;Finnish
Holokausti;Finnish
Honkajokinen kirjailija;Finnish
Humor;English
Humoresker;Swedish
Humoreskit;Finnish
Humorous fiction;English
Humortidningar;Swedish
Humpa;Finnish
Humpat;Finnish
Humör;Swedish
Huumori;Finnish
Huumorilehdet;Finnish
Hymner;Swedish
Hymnit;Finnish
Hyvinvointi;Finnish
Hålböcker;Swedish
Hårdkokt kriminalfiktion;Swedish
Hälsotidningar;Swedish
Hästböcker;Swedish
Häälehdet;Finnish
Häämarssit;Finnish
Häämusiikki;Finnish
Häävalssit;Finnish
Hölmöläissadut;Finnish
Hörspel;Swedish
Hörspelmanuskript;Swedish
Idédramer;Swedish
Idéroman;Swedish
Idéromaner;Swedish
Idrottsromaner;Swedish
Idyller;Swedish
Idyllit;Finnish
Ihmesadut;Finnish
Ihmetarinat;Finnish
Ihmissuhdeoppaat;Finnish
Ihmissuhderomaanit;Finnish
Ihmissuhteet;Finnish
Ikivihreät;Finnish
Ikkunakirjat;Finnish
Illustrerade kataloger;Swedish
Ilmaisjakelulehdet;Finnish
Iltapäivälehdet;Finnish
Iltasadut;Finnish
Independent living;English
Index;English
Index (register);English
Indiepop;English
Informationsblad;Swedish
Inkunaabelit;Finnish
Inkunabler;Swedish
Inredningsguider;Swedish
Inredningstidningar;Swedish
Instruktionsböcker;Swedish
Instrumentalmusik;Swedish
Instrumentskolor;Swedish
Insändare;Swedish
Intelligensspel;Swedish
Interaktiiviset teokset;Finnish
Interaktiva verk;Swedish
Intermezzon (kammaroperor);Swedish
Intermezzot (kamarioopperat);Finnish
Internetspel;Swedish
Intertekstuaalisuus;Finnish
Interview;English
Interviews;English
Intervjuer;Swedish
Intia;Finnish
Inventioner;Swedish
Inventiot;Finnish
Irlanninsusikoira;Finnish
Ironia;Finnish
Iskelmät;Finnish
Islanninkielinen kirjallisuus;Finnish
Isotekstiset kirjat;Finnish
Isänmaallinen musiikki;Finnish
Italian kieli;Finnish
Italiankielinen kaunokirjallisuus;Finnish
Italiankielinen kirjallisuus;Finnish
Italiensk litteratur;Swedish
Itkut;Finnish
Itsehoito-oppaat;Finnish
Jakt- och fiskeskildringar;Swedish
Jakt- och fisketidningar;Swedish
Japanin kieli;Finnish
Japaninkielinen kirjallisuus;Finnish
Japansk litteratur;Swedish
Jatka itse -teokset;Finnish
Jatkokertomukset;Finnish
Jatkokirjat;Finnish
Jazz;Finnish
Jenkat;Finnish
Jenkor;Swedish
Jiddišinkielinen kirjallisuus;Finnish
Joiut;Finnish
Jojkar;Swedish
Jordartskartor;Swedish
Joulu;Finnish
Joulukertomukset;Finnish
Joululaulut;Finnish
Joululehdet;Finnish
Joulumusiikki;Finnish
Juhla;Finnish
Juhlajulkaisut;Finnish
Juhlamusiikki;Finnish
Julberättelser;Swedish
Julisteet;Finnish
Julkaisun laadinnan oppaat;Finnish
Julmusik;Swedish
Julsånger;Swedish
Jultidningar;Swedish
Juomalaulut;Finnish
Juvenile Literature;English
Jännityselokuvat;Finnish
Jännityskertomukset;Finnish
Jännityskirjallisuus;Finnish
Jännitysromaani;Finnish
Jännitysromaanit;Finnish
Jännityssarjakuvat;Finnish
Jännityssarjat;Finnish
Järjestöhistoriikit;Finnish
Järjestöjen säännöt;Finnish
Järjestölehdet;Finnish
Jäsenlehdet;Finnish
Jäsenluettelot;Finnish
Jäätelö;Finnish
Kaanonit;Finnish
Kabaréer;Swedish
Kabareet;Finnish
Kaksikieliset teokset;Finnish
Kaksinpelit;Finnish
Kalendrar;Swedish
Kalenterit;Finnish
Kalevalamittaiset runot;Finnish
Kamarimusiikki;Finnish
Kamarinäytelmät;Finnish
Kammarmusik;Swedish
Kammarspel;Swedish
Kampspel;Swedish
Kandidaatintutkielmat;Finnish
Kandidatavhandlingar;Swedish
Kangaskirjat;Finnish
Kanon;Swedish
Kansallisbibliografiat;Finnish
Kansalliseepokset;Finnish
Kansallislaulut;Finnish
Kansaneepokset;Finnish
Kansankertomukset;Finnish
Kansankuvaus;Finnish
Kansanlaulut;Finnish
Kansanmusiikki;Finnish
Kansannäytelmät;Finnish
Kansanperinne;Finnish
Kansanrunot;Finnish
Kansansadut;Finnish
Kansantarinat;Finnish
Kantaatit;Finnish
Kantater;Swedish
Karaoke;Finnish
Karikatyrer;Swedish
Karjalankielinen kirjallisuus;Finnish
Kartanoromaanit;Finnish
Kartastot;Finnish
Kartat;Finnish
Kartor;Swedish
Kartverk;Swedish
Kasetit;Finnish
Kaskut;Finnish
Kasvatusoppaat;Finnish
Kasviot;Finnish
Kasvu (ihmisen);Finnish
Kasvuromaanit;Finnish
Katalaaninkielinen kirjallisuus;Finnish
Katekeser;Swedish
Katekismukset;Finnish
Katkelmat;Finnish
Katsaukset;Finnish
Katselukirjat;Finnish
Kauhava;Finnish
Kauhukirjallisuus;Finnish
Kauhupelit;Finnish
Kauhusarjakuvat;Finnish
Kaunokirjallisuus;Finnish
Kaunokirjoituskirjat;Finnish
Kaupunkiromaanit;Finnish
Kausijulkaisut;Finnish
Kausijulkaisut: HUM: taidehistoria;Finnish
Kausijulkaisut: HUM: virkailijat;Finnish
Kausijulkaisut: lääketiede: tilastot;Finnish
Kausijulkaisut: oikeustiede;Finnish
Kausijulkaisut: Pori: HUM: Kulttuurituotanto;Finnish
Kausijulkaisut: pääkirjasto: lukusali: kotimaiset tilastot;Finnish
Kausijulkaisut: TSE: taloustiede;Finnish
Kausijulkaisut: YHT: sosiaalipolitiikka: tilastot;Finnish
Kausijulkaisut: YHT: valtio-oppi;Finnish
Kedjeromaner;Swedish
Kehityskertomukset;Finnish
Kehitysromaanit;Finnish
Kehtolaulut;Finnish
Kehyskertomukset;Finnish
Keittokirjat;Finnish
Keltisk folkmusik;Swedish
Kelttiläinen kansanmusiikki;Finnish
Kerronta;Finnish
Kertauskirjat;Finnish
Kertomakirjallisuus;Finnish
Kertomarunot;Finnish
Kertomukset;Finnish
Kertomukset (kulttuuriset tuotokset);Finnish
Keskeislyriikka;Finnish
Keskenjääneet teokset;Finnish
Keskuslyriikka;Finnish
Ketjuromaanit;Finnish
Kielennäytteet;Finnish
Kielikurssit;Finnish
Kielioppaat;Finnish
Kielioppikirjat;Finnish
Kiertokirjeet;Finnish
Kiinankielinen kirjallisuus;Finnish
Kinesisk litteratur;Swedish
Kioskikirjallisuus;Finnish
Kiosklitteratur;Swedish
Kirja-arvostelut;Finnish
Kirjailijat;Finnish
Kirjallisuus;Finnish
Kirjallisuuslehdet;Finnish
Kirjallisuuspalkinnot;Finnish
Kirjat;Finnish
Kirjeet;Finnish
Kirjeromaanit;Finnish
Kirjoittaminen;Finnish
Kirjoituskilpailuantologiat;Finnish
Kirjoituskilpailut;Finnish
Kirkkokäsikirjat;Finnish
Kirkkomusiikki;Finnish
Kirkkonäytelmät;Finnish
Kirkolliset lehdet;Finnish
Kisällilaulut;Finnish
Klagosånger;Swedish
Klassiker;Swedish
Klassikot;Finnish
Klezmer-musiikki;Finnish
Klezmermusik;Swedish
Kohokuvakirjat;Finnish
Kokböcker;Swedish
Kokeellinen kirjallisuus;Finnish
Kokeelliset romaanit;Finnish
Kokeelliset runot;Finnish
Kokeelliset sarjakuvat;Finnish
Kokoelmaluettelot;Finnish
Kokoelmat;Finnish
Kokoomateokset;Finnish
Kokousjulkaisut;Finnish
Kollaasiromaanit;Finnish
Kollaasit;Finnish
Kollektiiviromaanit;Finnish
Kollektivromaner;Swedish
Kolumner;Swedish
Kolumnit;Finnish
Komediat;Finnish
Komedier;Swedish
Komiteanmietinnöt;Finnish
Kommellukset;Finnish
Kommentaarit;Finnish
Kommentarer;Swedish
Kommittébetänkanden;Swedish
Kommunberättelser;Swedish
Kompositioner;Swedish
Konferenspublikationer;Swedish
Konfliktiromaanit;Finnish
Konfliktromaner;Swedish
Konkordanser;Swedish
Konkordanssit;Finnish
Konserter (kompositioner);Swedish
Konsertot;Finnish
Konsertprogram;Swedish
Konsertrecensioner;Swedish
Konserttiarvostelut;Finnish
Konserttiohjelmat;Finnish
Konsolipelit;Finnish
Konsolspel;Swedish
Konstepos;Swedish
Konstmusik;Swedish
Konstnärsböcker;Swedish
Konstnärsromaner;Swedish
Konstrecensioner;Swedish
Konsttidskrifter;Swedish
Kootut teokset;Finnish
Koraalikirjat;Finnish
Koraalit;Finnish
Koraalivirsikirjat;Finnish
Koralböcker;Swedish
Koraler;Swedish
Koralpsalmböcker;Swedish
Koreankielinen kirjallisuus;Finnish
Korjausoppaat;Finnish
Korrespondens;Swedish
Korsord;Swedish
Kortnoveller;Swedish
Kortpjäser;Swedish
Kortprosa;Swedish
Kortromaner;Swedish
Kortspel;Swedish
Korttipelit;Finnish
Koskettelukirjat;Finnish
Kotieläinten jalostustiede;Finnish
Kotiseutukuvaukset;Finnish
Kotiseutulaulut;Finnish
Kotiseutulehdet;Finnish
Kouluhistoriikit;Finnish
Koululaisromaanit;Finnish
Koululehdet;Finnish
Koulunäytelmät;Finnish
Kovaksikeitetty rikoskirjallisuus;Finnish
Kreikankielinen kirjallisuus;Finnish
Krigsdagböcker;Swedish
Krigsfilmer;Swedish
Krigslitteratur;Swedish
Krigsserier (tecknade serier);Swedish
Krigsspel;Swedish
Kriittiset editiot;Finnish
Kriminalfiktion;Swedish
Kriminalfilmer;Swedish
Kriminalserier (tecknade serier);Swedish
Kriminaltidningar;Swedish
Kristen litteratur;Swedish
Kristillinen kirjallisuus;Finnish
Kritiska utgåvor;Swedish
Kroatiankielinen kirjallisuus;Finnish
Kronikaatit;Finnish
Kronikat;Finnish
Krönikor;Swedish
Kulttuurilehdet;Finnish
Kulturhistoria;Finnish
Kulturtidskrifter;Swedish
Kummitustarinat;Finnish
Kundtidningar;Swedish
Kungadramer;Swedish
Kuningasnäytelmät;Finnish
Kunnalliskertomukset;Finnish
Kuolinilmoitukset;Finnish
Kuoromusiikki;Finnish
Kupletit;Finnish
Kupletter;Swedish
Kurdinkielinen kirjallisuus;Finnish
Kurkistuskirjat;Finnish
Kurspublikationer;Swedish
Kurssijulkaisut;Finnish
Kuunnelmakäsikirjoitukset;Finnish
Kuunnelmat;Finnish
Kuvaelmat;Finnish
Kuvakielikirjat;Finnish
Kuvakirjat;Finnish
Kuvaromaanit;Finnish
Kuvarunot;Finnish
Kuvasanakirjat;Finnish
Kuvastot;Finnish
Kuvataideteokset;Finnish
Kuvatehostekirjat;Finnish
Kuvateokset;Finnish
Kuvaäänikirjat;Finnish
Kvartetot;Finnish
Kvartetter (kompositioner);Swedish
Kvickheter;Swedish
Kvinnolitteratur;Swedish
Kvinnoskildringar;Swedish
Kvintetot;Finnish
Kvintetter (kompositioner);Swedish
Kvällstidningar;Swedish
Kyberpunk;Finnish
Kymrinkielinen kirjallisuus;Finnish
Kyrkliga tidningar;Swedish
Kyrkohandböcker;Swedish
Kyrkomusik;Swedish
Kyrkospel;Swedish
Kåserier;Swedish
Källpublikationer;Swedish
Kärleksberättelser;Swedish
Kärleksdikter;Swedish
Kärleksfilmer;Swedish
Kärleksromaner;Swedish
Kärleksserier (tecknade serier);Swedish
Kärsimysnäytelmät;Finnish
Käseböcker;Swedish
Käsikirjat;Finnish
Käsikirjoitukset;Finnish
Käsiohjelmat;Finnish
Käsityölehdet;Finnish
Käsityöohjeet;Finnish
Käytösoppaat;Finnish
Käännökset;Finnish
Käänteissanakirjat;Finnish
Kääntökirjat;Finnish
Köpguider;Swedish
Körmusik;Swedish
Laatu;Finnish
Laboratory Manuals;English
Lagar;Swedish
Laghandböcker;Swedish
Lait;Finnish
Lajv;Swedish
Lakioppaat;Finnish
Lakkaasit;Finnish
Landskapssånger;Swedish
Landskapstidningar;Swedish
Lantbrukstidningar;Swedish
Lapset (ikäryhmät);Finnish
Lapsikertomukset;Finnish
Lapsikuvaukset;Finnish
Lapsikuvaus;Finnish
Lapsinäkökulma;Finnish
Lapsisarjakuvat;Finnish
Lastenelokuvat;Finnish
Lastenkirjallisuus;Finnish
Lastenkirjat;Finnish
Lastenlaulut;Finnish
Lastenlehdet;Finnish
Lastenmusiikki;Finnish
Lastennäytelmät;Finnish
Lastenohjelmat;Finnish
Lastenpelit;Finnish
Lastenraamatut;Finnish
Lastenromaanit;Finnish
Lastenrunot;Finnish
Lastensarjakuvat;Finnish
Latinalaisamerikkalainen populaarimusiikki;Finnish
Latinamerikansk populärmusik;Swedish
Latinankielinen kirjallisuus;Finnish
Latinsk litteratur;Swedish
Latviankielinen kirjallisuus;Finnish
Laulelmat;Finnish
Laulukirjat;Finnish
Laulukokoelmat;Finnish
Laululeikit;Finnish
Laulumusiikki;Finnish
Laulunoppaat;Finnish
Laulunäytelmät;Finnish
Laulupelit;Finnish
Laulusarjat;Finnish
Laulut;Finnish
Lausunnot;Finnish
Lautapelit;Finnish
Lavarunous;Finnish
Ledare (tidningar);Swedish
Legendat;Finnish
Legender;Swedish
Lehtikirjoituskokoelmat;Finnish
Leikkikirjat;Finnish
Leipomot;Finnish
Leipomoteollisuus;Finnish
Leivinhiiva;Finnish
Leivontaominaisuudet;Finnish
Leksaksböcker;Swedish
Lelukirjat;Finnish
LESTIJÄRVI;Finnish
Lexikon;Swedish
Libretot;Finnish
Libretton;Swedish
Licentiatavhandlingar;Swedish
Liettuankielinen kirjallisuus;Finnish
Lihateknologia;Finnish
Liikuntalehdet;Finnish
Liitutaulukirjat;Finnish
Liivinkielinen kirjallisuus;Finnish
Likpredikningar;Swedish
Limerickar;Swedish
Limerikit;Finnish
Limnologia;Finnish
Lippakirjat;Finnish
Lisensiaatintutkimukset;Finnish
Literary cookbooks;English
Literary criticism;English
Literature;English
Litteraturhistoria;Swedish
Litteraturrecensioner;Swedish
Litteraturtidskrifter;Swedish
Litteraturvetenskap;Swedish
Liturginen musiikki;Finnish
Liturgisk musik;Swedish
Liuskakirjat;Finnish
Liveroolipelit;Finnish
Ljudböcker;Swedish
LL-böcker;Swedish
Lokala berättelser;Swedish
Lokalhistoriker;Swedish
Lokaltidningar;Swedish
Lomakkeet;Finnish
Lorut;Finnish
Luennot;Finnish
Luettelot;Finnish
Lukemisesteisten äänikirjat;Finnish
Lukemistot;Finnish
Lukio;Finnish
Lukiolaiset;Finnish
Lukukirjat;Finnish
Luomiskertomukset;Finnish
Luontolehdet;Finnish
Luonto-oppaat;Finnish
Luukkukirjat;Finnish
Lyhennelmät;Finnish
Lyhytproosa;Finnish
Lyriska folkdikter;Swedish
Lyyriset kansanrunot;Swedish
Långserieböcker;Swedish
Låsta rummet-litteratur;Swedish
Lähdejulkaisut;Finnish
Läkarböcker;Swedish
Läkarromaner;Swedish
Lännenelokuvat;Swedish
Lännensarjakuvat;Finnish
Lännentarinat;Finnish
Lärarhandledningar;Swedish
Lärdomsprov;Swedish
Läroböcker;Swedish
Läromaterial;Swedish
Läromedel;Swedish
Läroplaner;Swedish
Läseböcker;Swedish
Läseböcker (skolböcker);Swedish
Lättlästa böcker;Swedish
Lättlästa tidningar;Swedish
Lääkärikirjat;Finnish
Lääkäriromaanit;Finnish
Maaginen realismi;Finnish
Maailmanmusiikki;Finnish
Maakuntalaulut;Finnish
Maakuntalehdet;Finnish
Maanpuolustuslehdet;Finnish
Maaperäkartat;Finnish
Maaseutu;Finnish
Maaseuturomaanit;Finnish
Maastokartat;Finnish
Maatalouslehdet;Finnish
Maatilat;Finnish
Magisk realism;Swedish
Magneettikirjat;Finnish
Magnetböcker;Swedish
Mainokset;Finnish
Mainoselokuvat;Finnish
Maitohappobakteerit;Finnish
Maitotaloustiede;Finnish
Maitoteknologia;Finnish
Makedoniankielinen kirjallisuus;Finnish
Manga;Swedish
Mangat;Finnish
Manhwa;Swedish
Manslitteratur;Swedish
Manuskript;Swedish
Marjat;Finnish
Markkinointilehdet;Finnish
Marknadsföringstidningar;Swedish
Marscher;Swedish
Marschsånger;Swedish
Marssilaulut;Finnish
Marssit;Finnish
Masurkat;Finnish
Masurkor;Swedish
Materialsamlingar;Swedish
Matkailukartat;Finnish
Matkailulehdet;Finnish
Matkakertomukset;Finnish
Matkakertomukset (tietokirjallisuus);Finnish
Matkakirjallisuus;Finnish
Matkakirjallisuus (kaunokirjallisuus);Finnish
Matkaoppaat;Finnish
Matkaoppaat (teokset);Finnish
Matkapäiväkirjat;Finnish
Matkat;Finnish
Matrecept;Swedish
Matrikkelit;Finnish
Matriklar;Swedish
Mattidningar;Swedish
Mbalax;Swedish
Medlemsförteckningar;Swedish
Medlemstidningar;Swedish
Medvetandeström (litteratur);Swedish
Meeting Abstracts;English
Mellanåldersböcker;Swedish
Melodraamat;Finnish
Melodraamat (draama);Finnish
Melodramer (drama);Swedish
Memoarer;Swedish
Memoarer och biografier;Swedish
Memoraatit;Finnish
Memorat;Swedish
Menuetit;Finnish
Menuetter;Swedish
Merikartat;Finnish
Merikirjallisuus;Finnish
Merikirjallisuus (kaunokirjallisuus);Finnish
Merimieslaulut;Finnish
Messukirjat;Finnish
Messut (sävellykset);Finnish
Meta-Analysis;English
Metafiktio;Finnish
Metafiktion;Swedish
Metsälehdet;Finnish
Meänkielinen kirjallisuus;Finnish
Miekka ja magia -kirjallisuus;Finnish
Mielikuvitus;Finnish
Mielipidekirjallisuus;Finnish
Mielipidekirjoitukset;Finnish
Mielipidelehdet;Finnish
Mieskirjallisuus;Finnish
Miesnäkökulma;Finnish
Miessarjakuvat;Finnish
Miestenlehdet;Finnish
Mietinnöt;Finnish
Migrantlitteratur;Swedish
Military history;English
Militärfarser;Swedish
Militärmusik;Swedish
Militärtidningar;Swedish
Miniatyrböcker;Swedish
Minnesskrifter;Swedish
Minnesspel;Swedish
Minnesverser;Swedish
Misery lit;English
Mobiilipelit;Finnish
Mobilspel;Swedish
Moderna sägner;Swedish
Modernism;Swedish
Modernismi;Finnish
Modetidningar;Swedish
Monikieliset kirjat (rinnakkaiskäännökset);Finnish
Monikieliset sanakirjat;Finnish
Monikieliset teokset;Finnish
Moninpelit;Finnish
Monologer;Swedish
Monologit;Finnish
Moottoripyörälehdet;Finnish
Moraliteetit;Finnish
Moraliteter;Swedish
Morgonsamlingar;Swedish
Motetit;Finnish
Motetter;Swedish
Motiiviluettelot;Finnish
Motiivit;Finnish
Motionstidningar;Swedish
Motivkataloger;Swedish
Motorcykeltidningar;Swedish
Muinaisranskankielinen kirjallisuus;Finnish
Muistelmat;Finnish
Muistelu;Finnish
Muistiot;Finnish
Muistipelit;Finnish
Muistojulkaisut;Finnish
Muistorunot;Finnish
Mukaelmat;Finnish
Multicenter Study;English
Multiplayerspel;Swedish
Muotilehdet;Finnish
Muotokirjat;Finnish
Murrekirjallisuus;Finnish
Murrenäytteet;Finnish
Musiikin harjoitusaineistot;Finnish
Musiikinteoria;Finnish
Musiikki;Finnish
Musiikkiarvostelut;Finnish
Musiikkielokuvat;Finnish
Musiikkilehdet;Finnish
Musiikkileikit;Finnish
Musiikkinäytelmät;Finnish
Musiikkipelit;Finnish
Musiikkisadut;Finnish
Musiikkivideot;Finnish
Musik;Swedish
Musikaalit;Finnish
Musikaler;Swedish
Musikalier;Swedish
Musikdramer;Swedish
Musikfilmer;Swedish
Musiklekar;Swedish
Musikrecensioner;Swedish
Musiksagor;Swedish
Musikspel;Swedish
Musiktidskrifter;Swedish
Musikvideor;Swedish
Musta huumori;Finnish
Musta komedia;Finnish
Mustavalkoiset sarjakuvat;Finnish
Muunnelmat;Finnish
Mykkä sarjakuva;Finnish
Mykkäelokuvat;Finnish
Mysdeckare;Swedish
Mystery fiction;English
Myter;Swedish
Myytit;Finnish
Målarböcker;Swedish
Mälestused;Swedish
Mässböcker;Swedish
Mässor (kompositioner);Swedish
Määritysoppaat;Finnish
Määräykset;Finnish
Naiset;Finnish
Naiskirjallisuus;Finnish
Naiskuvaus;Finnish
Naisnäkökulma;Finnish
Naissarjakuvat;Finnish
Naistenlehdet;Finnish
Narkomaanit;Finnish
Nationalbibliografier;Swedish
Nationalepos;Swedish
Nationalsånger;Swedish
Naturguider;Swedish
Naturtidningar;Swedish
Nederländsk litteratur;Swedish
Nekrologer;Swedish
Nekrologit;Finnish
Neuropsykiatriset häiriöt;Finnish
Nevermoor (fiktiivinen paikka);Finnish
New weird;English
Niddikter;Swedish
Nidvisor;Swedish
Nimikkeistöt;Finnish
Nimistöt;Finnish
Nomenklaturer;Swedish
Nonsense;English
Noppapelit;Finnish
Norjan kieli;Finnish
Norjankielinen kirjallisuus;Finnish
Norsk litteratur;Swedish
Novellas;English
Noveller;Swedish
Novelli;Finnish
Novellisadut;Finnish
Novellisarjakuvat;Finnish
Novellit;Finnish
Novellit2slm/fin;Finnish
Novellsagor;Swedish
Nukkenäytelmät;Finnish
Nuoret;Finnish
Nuorisokuvaus;Finnish
Nuorisosarjakuvat;Finnish
Nuorten aikuisten kirjat;Finnish
Nuorten kirjallisuus;Finnish
Nuortenelokuvat;Finnish
Nuortenkirjallisuus;Finnish
Nuortenkirjat;Finnish
Nuortenlehdet;Finnish
Nuortennäytelmät;Finnish
Nuortenromaanit;Finnish
Nuortensarjakuvat;Finnish
Nuortensarjat;Finnish
Nuottijulkaisut;Finnish
Nurses' Instruction;English
Nya romanen;Swedish
Nybyggarromaner;Swedish
Nybörjarnivå;Swedish
Nyckelromaner;Swedish
Nykykreikankielinen kirjallisuus;Finnish
Nykytarinat;Finnish
Nähtävyydet;Finnish
Näköispainokset;Finnish
Näkökulmatekniikka;Finnish
Näytelmäkirjallisuus;Finnish
Näytelmämusiikki;Finnish
Näytelmäsovitukset;Finnish
Näytelmät;Finnish
Näyttelyjulkaisut;Finnish
Näyttämömusiikki;Finnish
Nöjesläsning;Swedish
Oden (dikter);Swedish
Odysséer;Swedish
Odysseiat;Finnish
Officiella publikationer;Swedish
Ofullbordade verk;Swedish
Ohjeet;Finnish
Ohjekirjat;Finnish
Ohjelmistot;Finnish
Ohjesäännöt;Finnish
Oikeudenkäyntiromaanit;Finnish
Omaelämäkerrallisuus;Finnish
Omakustanteet;Finnish
Omarbetningar;Swedish
Ongelmanratkaisupelit;Finnish
Oodit (runot);Finnish
Oopperat;Finnish
Opaskartat;Finnish
Operetit;Finnish
Operetter;Swedish
Operor;Swedish
Opetusaineisto;Finnish
Opetuselokuvat;Finnish
Opetusmateriaali;Finnish
Opetusoppaat;Finnish
Opetussarjakuvat;Finnish
Opetussuunnitelmat;Finnish
Opinionsmätare;Swedish
Opinionstidningar;Swedish
Opinnäytteet;Finnish
Opinto-oppaat;Finnish
Opiskelijalehdet;Finnish
Oppaat;Finnish
Oppaat (teokset);Finnish
Oppikirjat;Finnish
Oppimateriaali;Finnish
Oppimateriaalit;Finnish
Opusförteckningar;Swedish
Oratorier;Swedish
Oratoriot;Finnish
Oravais;Swedish
Ord för dagen;Swedish
Ordböcker;Swedish
Ordlekar;Swedish
Ordlistor;Swedish
Ordspråk;Swedish
Ordstäv;Swedish
Organisationshistoriker;Swedish
Organisationstidningar;Swedish
Orienteringskartor;Swedish
Orkesterimusiikki;Finnish
Orkestermusik;Swedish
Ortodoksinen kirkkomusiikki;Finnish
Ortodox kyrkomusik;Swedish
Osoiteluettelot;Finnish
Osto-oppaat;Finnish
Otetaulukot;Finnish
Outlines;English
Paavin kiertokirjeet;Finnish
Paikallishistoria (historia);Finnish
Paikallishistoriat;Finnish
Paikallishistoriat (historiikit);Finnish
Paikallislehdet;Finnish
Paikallistarinat;Finnish
Pakinat;Finnish
Pakolaiskirjallisuus;Finnish
Paksulehtiset kirjat;Finnish
Palapelikirjat;Finnish
Palapelit;Finnish
Paleofiktio;Finnish
Paleofiktion;Swedish
Palindromer;Swedish
Palindromit;Finnish
Pamfletit;Finnish
Pamfletter;Swedish
Pamphlets;English
Pantomiimit;Finnish
Pantomimer;Swedish
Pantomimserier;Swedish
Pantomimserier (tecknade serier);Swedish
Parafraasit (kirjallisuus);Finnish
Parallellverk;Swedish
Parodia;Finnish
Parodiat;Finnish
Parodier;Swedish
Partitidningar;Swedish
Passacagliat;Finnish
Passacaglior;Swedish
Passionsspel;Swedish
Pastischer;Swedish
Pastissit;Finnish
Pastoraalit;Finnish
Pastoraalityöt;Finnish
Pastoralarbeten;Swedish
Patient Education Handout;English
Patienttidningar;Swedish
Pavanat;Finnish
Pavaner;Swedish
Pehmodekkarit;Finnish
Pekböcker;Swedish
Pelilehdet;Finnish
Pelimannimusiikki;Finnish
Pelisovitukset;Finnish
Pelit;Finnish
Perheet;Finnish
Perhelehdet;Finnish
Perheromaanit;Finnish
Perhesalaisuudet;Finnish
Perhesarjakuvat;Finnish
Periodical;English
Periodical Index;English
Periodicals;English
Periodika;Swedish
Persiankielinen kirjallisuus;Finnish
Personal Narrative;English
Personal narrative;English
Personal Narratives;English
Personal-Narratives;English
Personaltidningar;Swedish
Personbibliografier;Swedish
Personhistoria;Swedish
Personporträtt (personhistoria);Swedish
Personregister (index);Swedish
Personregister (personupplysningar);Swedish
Peruskirjat;Finnish
Pharmacopoeia;English
Photobooks;English
Pictorial Works;English
Pienoiskirjat;Finnish
Pienoisnovellit;Finnish
Pienoisnäytelmät;Finnish
Pienoisromaanit;Finnish
Pienpainatteet;Finnish
Piilokuvakirjat;Finnish
Piippola;Finnish
Piirustukset (taide);Finnish
Pikareskberättelser;Swedish
Pikareskromaner;Swedish
Pilakuvat;Finnish
Pilalehdet;Finnish
Pilasadut;Finnish
Pilkkalaulut;Finnish
Pilkkarunot;Finnish
Piska dikter;Swedish
Pistekirjat;Finnish
Planer;Swedish
Plattformsspel;Swedish
Pocketböcker;Swedish
Poetry;English
Pohjanmaa;Finnish
Poikakirjat;Finnish
Pojkböcker;Swedish
Poliisikirjallisuus;Finnish
Poliisitutkinta;Finnish
Poliiskirjallisuus;Finnish
Poliittinen huumori;Finnish
Poliittinen jännityskirjallisuus;Finnish
Poliittiset elokuvat;Finnish
Poliittiset laulut;Finnish
Poliittiset näytelmät;Finnish
Poliittiset romaanit;Finnish
Poliittiset runot;Finnish
Poliittiset sarjakuvat;Finnish
Polisromaner;Swedish
Politisk humor;Swedish
Politiska dikter;Swedish
Politiska filmer;Swedish
Politiska romaner;Swedish
Politiska serier (tecknade serier);Swedish
Politiska skådespel;Swedish
Politiska sånger;Swedish
Politiska thrillers (litteratur);Swedish
Polkat;Finnish
Polkor;Swedish
Poloneesit;Finnish
Polonäser;Swedish
Polskat;Finnish
Polskor;Swedish
Popmusiikki;Finnish
Popmusik;Swedish
Populaarimusiikki;Finnish
Popular Work;English
Popular Works;English
Populärmusik;Swedish
Pop-up-böcker;Swedish
Pop-up-kirjat;Finnish
Portrait;English
Portraits;English
Portugalinkielinen kirjallisuus;Finnish
Portugisisk litteratur;Swedish
Postikortit;Finnish
Postkort;Swedish
Postmodernismi;Finnish
Postuma verk;Swedish
Postuumit teokset;Finnish
Potilaslehdet;Finnish
Practice Guideline;English
Predikningar;Swedish
Prislistor;Swedish
Pro gradu -tutkielmat;Finnish
Pro gradu -avhandlingar;Swedish
Problemlösningsspel;Swedish
Problems and Exercises;English
Produktkataloger;Swedish
Programblad;Swedish
Programserier;Swedish
Progressiivinen rock;Finnish
Progressiv rock;Swedish
Promemorior;Swedish
Proosarunot;Finnish
Prosadikter;Swedish
Protokoll (dokument);Swedish
Psalmböcker;Swedish
Psalmer;Swedish
Psalmer (sånger);Swedish
Psalmit;Finnish
Psalmit (tekstit);Finnish
Psaltarpsalmer;Swedish
Psaltarpsalmer (bibeltexter);Swedish
Psychological fiction;English
Psykologinen jännityskirjallisuus;Finnish
Psykologinen kauhukirjallisuus;Finnish
Psykologiset kertomukset;Finnish
Psykologiset romaanit;Finnish
Psykologiset romanit;Finnish
Psykologisk skräcklitteratur;Swedish
Psykologisk thriller;Swedish
Psykologiska berättelser;Swedish
Psykologiska romaner;Swedish
Psykologiska thrillers (litteratur);Swedish
Puheet;Finnish
Punk rock;English
Punkrock; Swedish
Punkrock; Finnish
Punktskriftsböcker;Swedish
Puolan kieli;Finnish
Puolankielinen kirjallisuus;Finnish
Puoluelehdet;Finnish
Purpuri;Finnish
Purpurit;Finnish
Pussel;Swedish
Pusselböcker;Swedish
Puuhakirjat;Finnish
Puutarhalehdet;Finnish
Pyhät kirjat;Finnish
Pysselböcker;Swedish
Påvliga encyklikor;Swedish
Päiväkirjaromaanit;Finnish
Päiväkirjat;Finnish
Päivänavaukset;Finnish
Päivänsanat;Finnish
Pääkirjoitukset;Finnish
Pääsykoetehtävät;Finnish
Pöytäkirjat (asiakirjat);Finnish
Queer-kirjallisuus;Finnish
Queerlitteratur;Swedish
Raamattu;Finnish
Raamatunkertomukset;Finnish
Racingspel;Swedish
Radio-ohjelmat;Finnish
Radioprogram;Swedish
Raivaajaromaanit;Finnish
Rakennuslehdet;Finnish
Rakennusohjeet;Finnish
Rakkauselokuvat;Finnish
Rakkauskertomukset;Finnish
Rakkausromaanit;Finnish
Rakkausromaanit slm/fin;Finnish
Rakkausrunot;Finnish
Rakkaussarjakuvat;Finnish
Ramsor;Swedish
Randomized Controlled Trial;English
Ranskan kieli;Finnish
Ranskankielinen kaunokirjallisuus;Finnish
Ranskankielinen kirjallisuus;Finnish
Rap;English
Raportit;Finnish
Rapporter;Swedish
Rapsodiat;Finnish
Rapsodier;Swedish
Raski;Finnish
Rasva;Finnish
Rasvapitoisuus;Finnish
Ratkaisukirjat;Finnish
Recensioner;Swedish
Referatpublikationer;Swedish
Referensdatabaser;Swedish
Reggae;Finnish
Regionala bibliografier;Swedish
Regiontidningar;Swedish
REISJÄRVI;Finnish
Rekilaulut;Finnish
Reklamer;Swedish
Reklamfilmer;Swedish
Rekommendationer;Swedish
Rekviem;Swedish
Relationsguider;English
Relationsromaner;Swedish
Reliefböcker;Swedish
Religiös litteratur;Swedish
Religiös lyrik;Swedish
Religiös musik;Swedish
Religiösa filmer;Swedish
Religiösa serier (tecknade serier);Swedish
Religiösa skådespel;Swedish
Religiösa sånger;Swedish
Religiösa tidningar;Swedish
Reparationshandböcker;Swedish
Repetitionsböcker;Swedish
Reportaasit;Finnish
Reportage;English
Requiemit;Finnish
Research Report;English
Reseberättelser;Swedish
Reseberättelser (facklitteratur);Swedish
Reseguider;Swedish
Resehandböcker;Swedish
Reselitteratur;Swedish
Reselitteratur (skönlitteratur);Swedish
Retkeilyoppaat;Finnish
Review;English
Riddardiktning;Swedish
Riddarromaner;Swedish
Riittirunot;Swedish
Rikokirjallisuus;Finnish
Rikoselokuvat;Finnish
Rikoskertomukset;Finnish
Rikoskirjallisuus;Finnish
Rikoslehdet;Finnish
Rikosromaanit;Finnish
Rikossarjakuvat;Finnish
Rinnakkaiset juonet;Finnish
Rinnakkaiset maailmat;Finnish
Rinnakkaisteokset;Finnish
Ritariromaanit;Finnish
Ritarirunous;Finnish
Rituella dikter;Swedish
Robinsonader;Swedish
Robinsonadit;Finnish
Rock;English
Rock and roll;English
Rockabilly;Swedish
Rocklyriikka;Finnish
Rocklyrik;Swedish
Rock'n'roll;English
Rolldikter;Swedish
Rollspel;Swedish
Rollspel (bordsrollspel);Swedish
Rollspel (digitala spel);Swedish
Romaanisovitukset;Finnish
Romaanit;Finnish
Romaner;Swedish
Romaniankielinen kirjallisuus;Finnish
Romanimusiikki (viihdemusiikki);Finnish
Romanser (musik);Swedish
Romanssit (musiikki);Finnish
Romantiikka;Finnish
Romantisk fantasylitteratur;Swedish
Romantiska komedier;Swedish
Romantiska thrillers (litteratur);Swedish
Romanttinen fantasiakirjallisuus;Finnish
Romanttinen jännityskirjallisuus;Finnish
Romanttinen rakkauskirjallisuus;Finnish
Romanttiset komediat;Finnish
Romsk litteratur;Swedish
Romsk musik (underhållningsmusik);Swedish
Roolipelit;Finnish
Roolipelit (digitaaliset pelit);Finnish
Roolipelit (pöytäroolipelit);Finnish
Roolirunot;Finnish
Rudiment;Swedish
Rudimentit;Finnish
Rukoukset;Finnish
Rukouskirjat;Finnish
Rumbat;Finnish
Rumbor;Swedish
Runokuvakirjat;Finnish
Runonäytelmät;Finnish
Runoromaanit;Finnish
Runot;Finnish
Ruokalehdet;Finnish
Ruokaohjeet;Finnish
Ruotsin kieli;Finnish
Ruotsinkielinen kaunokirjallisuus;Finnish
Ruotsinkielinen kirjallisuus;Finnish
Ruotsinkielinen käännöskirjallisuus;Finnish
Ruotsinsuomalainen kirjallisuus;Finnish
Ruumissaarnat;Finnish
Rymdoperor;Swedish
Rysk litteratur;Swedish
Saagat;Finnish
Saamenkielinen kirjallisuus;Finnish
Saaristolaiskirjallisuus;Finnish
Saarnat;Finnish
Sadut;Finnish
Sagodikter;Swedish
Sagohörspel;Swedish
Sagor;Swedish
Sagoromaner;Swedish
Sagoromaner9;Swedish
Sagospel;Swedish
Saippuaoopperat;Finnish
Saksan kieli;Finnish
Saksankielinen kaunokirjallisuus;Finnish
Saksankielinen kirjallisuus;Finnish
Salapoliisikirjallisuus;Finnish
Salongskomedier;Swedish
Salonkikomediat;Finnish
Salsa;Finnish
Samarbetsspel;Swedish
Sambat;Finnish
Sambor (kompositioner);Swedish
Samhällsdikter;Swedish
Samhällsdramer;Swedish
Samhällsromaner;Swedish
Samhällsserier (tecknade serier);Swedish
Samlade verk;Swedish
Samlingskataloger;Swedish
Samlingsverk;Swedish
Sammusicerande;Swedish
Sanakirjat;Finnish
Sanaleikit;Finnish
Sananlaskut;Finnish
Sananmuunnokset;Finnish
Sananparret;Finnish
Sanaristikot;Finnish
Sanastot;Finnish
Sanoitukset;Finnish
Sanomalehdet;Finnish
Sanonnat;Finnish
Sarjajulkaisut;Finnish
Sarjakertomukset;Finnish
Sarjakirjat;Finnish
Sarjakuva-albumit;Finnish
Sarjakuvahahmot;Finnish
Sarjakuvakirjat;Finnish
Sarjakuvalehdet;Finnish
Sarjakuvaromaanit;Finnish
Sarjakuvasovitukset;Finnish
Sarjakuvat;Finnish
Sarjakuvataiteilijat;Finnish
Sarjaohjelmat;Finnish
Sarjat;Finnish
Satiiri;Finnish
Satiirit;Finnish
Satir;Swedish
Satirer;Swedish
Satukirjat;Finnish
Satukokoelmat;Finnish
Satukuunnelmat;Finnish
Satunäytelmät;Finnish
Saturomaanit;Finnish
Saturunot;Finnish
Savolaismurteet;Finnish
Scenmusik;Swedish
Schlager;Swedish
Science fiction (litteratur);Swedish
Science fiction-filmer;Swedish
Science fiction-litteratur;Swedish
Science fiction-serier (tecknade serier);Swedish
Science fiction-spel;Swedish
Scifipelit;Finnish
Screenplays;English
Sedekomedier;Swedish
Sederomaner;Swedish
Seikkailu;Finnish
Seikkailukirjallisuus;Finnish
Seikkailupelit;Finnish
Seikkailuromaanit;Swedish
Seikkailusarjakuvat;Finnish
Seksielokuvat;Finnish
Seksilehdet;Finnish
Seksuaalioppaat;Finnish
Selkoaineistot;Finnish
Selkokirjat;Finnish
Selkolehdet;Finnish
Selviytymispelit;Finnish
Sensaatiolehdet;Finnish
Sensationspress;Swedish
Serbiankielinen kirjallisuus;Finnish
Serbokroaatinkielinen kirjallisuus;Finnish
Seriealbum;Swedish
Serieberättelser;Swedish
Seriella publikationer;Swedish
Seriestrippar;Swedish
Serietidningar;Swedish
Seurakuntahistoriat;Finnish
Seuranäytelmät;Finnish
Seurapelit;Finnish
Sexfilmer;Swedish
Sextidningar;Swedish
Sexualhandböcker;Swedish
Short stories;English
Siirtolaiskirjallisuus;Finnish
Sijaiset;Finnish
Simulaatiopelit;Finnish
Simulatorspel;Swedish
Sinfoniat;Finnish
Sisustuslehdet;Finnish
Sisustusoppaat;Finnish
Sisäkertomukset;Finnish
Sitaatit;Finnish
Situationskomedier;Swedish
Självbiografiska drag;Swedish
Självhjälpsböcker;Swedish
Sjökort;Swedish
Sjölitteratur (skönlitteratur);Swedish
Sjömansvisor;Swedish
Sjöromaner;Swedish
Skapelseberättelser;Swedish
Sketcher;Swedish
Sketsit;Finnish
Skillingtryck;Swedish
Skjutspel;Swedish
Skogstidningar;Swedish
Skolhistoriker;Swedish
Skolpjäser;Swedish
Skolromaner;Swedish
Skoltidningar;Swedish
Skrivartävlingar;Swedish
Skrivhandböcker;Swedish
Skrivstilsböcker;Swedish
Skrivtävlingsantologier;Swedish
Skräcklitteratur;Swedish
Skräckserier (tecknade serier);Swedish
Skräckspel;Swedish
Skådespel;Swedish
Skådespelsmusik;Swedish
Skämtsagor;Swedish
Skämttidningar;Swedish
Skärgårdsromaner;Swedish
Skönlitteratur;Swedish
Sloveeninkielinen kirjallisuus;Finnish
Släktböcker;Swedish
Släktkrönikor;Swedish
Släktromaner;Swedish
Småtryck;Swedish
Sointuoppaat;Finnish
Soitinmusiikki;Finnish
Soitonoppaat;Finnish
Solarpunk;English
Solosånger;Swedish
Somalinkielinen kirjallisuus;Finnish
Son cubano;Swedish
Son mexicano;Swedish
Sonaatit;Finnish
Sonater;Swedish
Sonetit;Finnish
Sonetter;Swedish
Sorsaa käsittelevä aineisto;Finnish
Sotaelokuvat;Finnish
Sotakirjallisuus;Finnish
Sotapelit;Finnish
Sotapäiväkirjat;Finnish
Sotasarjakuvat;Finnish
Sotilasfarssit;Finnish
Sotilasmusiikki;Finnish
Sovitukset;Finnish
Sovitukset (musiikki);Finnish
Spansk litteratur;Swedish
Specialbibliografier;Swedish
Spekulatiivinen fiktio;Finnish
Spekulativ fiktion;Swedish
Spel;Swedish
Spelmansmusik;Swedish
Speltidningar;Swedish
Spionromaner;Swedish
Spirituaalit;Finnish
Spirituals;English
Splatter;Swedish
Spoonerismer;Swedish
Sportspel;Swedish
Sporttidningar;Swedish
Språkhandböcker;Swedish
Språkkurser;Swedish
Språkprov (exempel);Swedish
Spy stories;English
Spökhistorier;Swedish
Stadgar;Swedish
Stadsromaner;Swedish
Stand up -komiikka;Finnish
Standarder;Swedish
Standardit;Finnish
Statistics;English
Statistik;Swedish
Statistik (data);Swedish
Steampunk;English
Stjärnkartor;Swedish
Storstilsböcker;Swedish
Strategiapelit;Finnish
Strategispel;Swedish
Strippisarjakuvat;Finnish
Studenttidningar;Swedish
Studiehandböcker;Swedish
Stumfilmer;Swedish
Ståuppkomik;Swedish
Suahilinkielinen kirjallisuus;Finnish
Sukukirjat;Finnish
Sukukronikat;Finnish
Sukuromaanit;Finnish
Sukutaulu;Finnish
Suljettu huone -kirjallisuus;Finnish
Suomenkielinen kaunokirjallisuus;Finnish
Suomenkielinen kirjallisuus;Finnish
Suomenkielinen kirjalllisuus;Finnish
Suomenkielinen käännös;Finnish
Suomenkielinen käännöskirjallisuus;Finnish
Suomenruotsalainen kirjallisuus;Finnish
Suositukset;Finnish
Superhjälteserier;Swedish
Superhjälteserier (tecknade serier);Swedish
Supersankarisarjakuvat;Finnish
Surrealismi;Finnish
Sutkaukset;Finnish
Suunnistuskartat;Finnish
Suunnitelmat;Finnish
Suuraakkoskirjat;Finnish
Svart humor;Swedish
Svart komedi;Swedish
Svartvita serier;Swedish
Svensk litteratur;Swedish
Sverigefinsk litteratur;Swedish
Sviter;Swedish
Svärd- och magilitteratur;Swedish
Symfonier;Swedish
Synodaalisaarnat;Finnish
Synodalpredikningar;Swedish
Syntykertomukset;Finnish
Sångböcker;Swedish
Sångcykler;Swedish
Sånger;Swedish
Sånger med ny text;Swedish
Sånger på teckenspråk;Swedish
Sånglekar;Swedish
Sångskolor;Swedish
Sångskolor (publikationer);Swedish
Sångspel (dramer);Swedish
Sångspel (spel);Swedish
Sångtexter;Swedish
Säestykset;Finnish
Sägner;Swedish
Sähköiset julkaisut;Finnish
Säkerhetsbestämmelser;Swedish
Sällskapsspel;Swedish
Särtryck;Swedish
Sävellykset;Finnish
Säveltäjien teosluettelot;Finnish
Säädöskokoelmat;Finnish
Sökordspoesi;Swedish
Tabeller;Swedish
Tablåer;Swedish
Taidearvostelut;Finnish
Taide-eepokset;Finnish
Taidelehdet;Finnish
Taidemusiikki;Finnish
Taistelupelit;Finnish
Taiteilijakirjat;Finnish
Taiteilijaromaanit;Finnish
Taittokirjat;Finnish
Tajunnanvirtakirjallisuus;Finnish
Taktila böcker;Swedish
Tal;Swedish
Tal (föredrag);Swedish
Talböcker;Swedish
Talohistoriikit;Finnish
Talouslehdet;Finnish
Taltidningar;Swedish
Tangor;Swedish
Tangot;Finnish
Tankadikter;Swedish
Tankat;Finnish
Tanskan kieli;Finnish
Tanskankielinen kirjallisuus;Finnish
Tanssiarvostelut;Finnish
Tanssilaulut;Finnish
Tanssilehdet;Finnish
Tanssimusiikki;Finnish
Tanssiohjeet;Finnish
Tapahtumalehdet;Finnish
Tapakomediat;Finnish
Taparomaanit;Finnish
Tarinat;Finnish
Tarrakirjat;Finnish
Tarut;Finnish
Taskukirjat;Finnish
Tasohyppelypelit;Finnish
Taulukot;Finnish
Tavukirjat;Finnish
Teaterrecensioner;Swedish
Teatertidningar;Swedish
Teatteriarvostelut;Finnish
Teatterilehdet;Finnish
Techno;English
Tecknade serier;Swedish
Tecknade serier för barn;Swedish
Tecknade serier för ungdomar;Swedish
Tecknade serier om barn;Swedish
Tecknade serier om ungdomar;Swedish
Teckningar;Swedish
Tehostekirjat;Finnish
Tehtäväkirjat;Finnish
Tekniikkalehdet;Finnish
Tekniktidningar;Swedish
Tekniset piirustukset;Finnish
Tekniska ritningar;Swedish
Tekno;Finnish
Teknothrillers;Finnish
Teknotrillerit;Finnish
Tekstittömät kirjat;Finnish
Televisioelokuvat;Finnish
Televisiomusiikki;Finnish
Televisionäytelmät;Finnish
Televisio-ohjelmat;Finnish
Televisiosarjat;Finnish
Temaattiset luettelot (musiikki);Finnish
Tematiska förteckningar (musik);Swedish
Tendenslitteratur;Swedish
Tendenssikirjallisuus;Finnish
Teorianoppaat (musiikki);Finnish
Teoriböcker (musik);Swedish
Teosluettelot;Finnish
Terminology;English
Terrängkartor;Swedish
Terveyslehdet;Finnish
Test;English
Testit;Finnish
Teurastamot;Finnish
Textbook;English
Textbooks;English
Textbooks as Topic;English
Textlösa böcker;Swedish
Thriller;English
Thrillers (filmer);Swedish
Thrillers (litteratur);Swedish
Thrillers (tecknade serier);Swedish
Thrillerserier;Swedish
Tidningsartikelsamlingar;Swedish
Tidskrifter;Swedish
Tidsskildringar (romaner);Swedish
Tiedelehdet;Finnish
Tiedotteet;Finnish
Tiedotuslehdet;Finnish
Tiekartat;Finnish
Tieteiselokuvat;Finnish
Tieteiskirjallisuus;Finnish
Tieteissarjakuvat;Finnish
Tietokannat;Finnish
Tietokirjallisuus;Finnish
Tietokonepelit;Finnish
Tietosanakirjat;Finnish
Tietosarjakuvat;Finnish
Tietotekniikkalehdet;Finnish
Tiivistelmäjulkaisut;Finnish
Tilannekomediat;Finnish
Tilapäisrunot;Finnish
Tilastot;Finnish
Tillfällighetsdikter;Swedish
Tillkännagivanden;Swedish
Titt-ut-böcker;Swedish
Tjockbladiga böcker;Swedish
Todellisuuspohjaiset teokset;Finnish
Todenpohjaiset teokset;Finnish
Toimintaelokuvat;Finnish
Toimintakertomukset;Finnish
Toimintaohjelmat;Finnish
Toimintapelit;Finnish
Toimintaromaanit;Finnish
Toimintasarjakuvat;Finnish
Tragediat;Finnish
Tragedier;Swedish
Tragikomediat;Finnish
Tragikomedier;Swedish
Tragikomiikka;Finnish
Tragikomik;Swedish
Translations;English
Tributer;Swedish
Tribuutit;Finnish
Trilogiat;Finnish
Trilogier;Swedish
Trior;Swedish
Triot;Finnish
True crime;English
Trädgårdstidningar;Swedish
Tsekin kieli;Finnish
Tsekinkielinen kirjallisuus;Finnish
Tšekinkielinen kirjallisuus;Finnish
Tuhkimotarinat;Finnish
Tulevaisuus;Finnish
Tunnustuskirjat;Finnish
Tunnustuskirjat (teologinen kirjallisuus);Finnish
Tuokiokuvat;Finnish
Tuoksukirjat;Finnish
Tuoteluettelot;Finnish
Turistkartor;Swedish
Turisttidningar;Swedish
Turkinkielinen kirjallisuus;Finnish
Turvallisuusmääräykset;Finnish
Tutkimusluettelot;Finnish
Tutkimusraportit;Finnish
Tv-filmer;Swedish
Tv-musik;Swedish
Tv-program;Swedish
Tv-serier;Swedish
Tv-serier för ungdomar;Swedish
Tv-skådespel;Swedish
Tvåloperor;Swedish
Tvåpersonersspel;Swedish
Tvåspråkiga verk;Swedish
Twin Study;English
Tygböcker;Swedish
Typkataloger;Swedish
Tyrosinaasit;Finnish
Tysk litteratur;Swedish
Tyttökirjat;Finnish
Tyttösarjakuvat;Finnish
Tyyppiluettelot;Finnish
Työelämä;Finnish
Työlaulut;Finnish
Työläiskirjallisuus;Finnish
Työntekijät;Finnish
Työväenlaulut;Finnish
Työväenlehdet;Finnish
Työväenmusiikki;Finnish
Tähtikartat;Finnish
Tärningsspel;Swedish
Täytettävät vauvakirjat;Finnish
Udmurtinkielinen kirjallisuus;Finnish
Ukrainankielinen kirjallisuus;Finnish
Ukrainsk litteratur;Swedish
Ukulele;English
Underberättelser;Swedish
Undergroundsarjakuvat;Finnish
Undergroundserier;Swedish
Undergroundserier (tecknade serier);Swedish
Underhållningslitteratur;Swedish
Underhållningsmusik;Swedish
Undersagor;Swedish
Undervisningsfilmer;Swedish
Undervisningsmaterial;Swedish
Undervisningsserier (tecknade serier);Swedish
Ungdomsfilmer;Swedish
Ungdomslitteratur;Swedish
Ungdomspjäser;Swedish
Ungdomsserier (programserier);Swedish
Ungdomstidningar;Swedish
Ungersk litteratur;Swedish
Unikirjat;Finnish
Unkarin kieli;Finnish
Unkarinkielinen kirjallisuus;Finnish
Uppslagsverk;Swedish
Urbaani fantasia;Finnish
Urban fantasy;English
Urheilu;Finnish
Urheilukirjallisuus;Finnish
Urheilulehdet;Finnish
Urheilupelit;Finnish
Urheiluromaanit;Finnish
Ursprungsmyter;Swedish
Urval (objekt);Swedish
Urvalsguider;Swedish
Urvalsprovuppgifter;Swedish
Uskomustarinat;Finnish
Uskonnollinen kirjallisuus;Finnish
Uskonnollinen musiikki;Finnish
Uskonnolliset elokuvat;Finnish
Uskonnolliset kuvakirjat;Finnish
Uskonnolliset laulut;Finnish
Uskonnolliset lehdet;Finnish
Uskonnolliset näytelmät;Finnish
Uskonnolliset runot;Finnish
Uskonnolliset sarjakuvat;Finnish
Utdrag;Swedish
Utflyktsguider;Swedish
Utlåtanden;Swedish
Utopiat;Finnish
Utopier;Swedish
Utställningskataloger;Swedish
Utvecklingsberättelser;Swedish
Utvecklingsromaner;Swedish
Uudelleensanoitetut laulut;Finnish
Uusi romaani;Finnish
Uuskumma;Finnish
Vaellusromaanit;Finnish
Vaggvisor;Swedish
Vaihtoehtohistoria;Finnish
Vaihtoehtohistoriat;Finnish
Vakoilukirjallisuus;Finnish
Validation Studies;English
Valikoimat;Finnish
Valintaoppaat;Finnish
Valituslaulut;Finnish
Valokuvaromaanit;Finnish
Valokuvasarjakuvat;Finnish
Valokuvat;Finnish
Valokuvauslehdet;Finnish
Valser;Swedish
Valssit;Finnish
Vandringsromaner;Swedish
Vanhempainoppaat;Finnish
Vapaa säestys;Finnish
Vapautuneet vangit;Finnish
Vappulehdet;Finnish
Varhaisnuorten kirjat;Finnish
Varietéer;Swedish
Varieteet;Finnish
Vauvakirjat;Finnish
Vauvalehdet;Finnish
Veckopresserier;Swedish
Vehnä;Finnish
Veijariromaanit;Finnish
Veijariromaanit2slm/fin;Finnish
Veijaritarinat;Finnish
Venelehdet;Finnish
Venäjän kieli;Finnish
Venäjänkielinen kirjallisuus;Finnish
Venäläinen kirjallisuus;Finnish
Vepsänkielinen kirjallisuus;Finnish
Verk med vulgärt språk;Swedish
Verkförteckningar;Swedish
Verkkojulkaisut;Finnish
Verkkokirja;Finnish
Verkkolehti;Finnish
Verkkopelit;Finnish
Verkkosivustot;Finnish
Verklighetsbaserade verk;Swedish
Verksamhetsberättelser;Swedish
Verksamhetsprogram;Swedish
Versalböcker;Swedish
Versdramer;Swedish
Verser;Swedish
Versromaner;Swedish
Vesperit;Finnish
Vesprar;Swedish
Vetenskapliga tidskrifter;Swedish
Videopelit;Finnish
Videospel;Swedish
Viidakkosarjakuvat;Finnish
Viihdekirjallisuus;Finnish
Viihdelukemistot;Finnish
Viihdemusiikki;Finnish
Viihdeohjelmat;Finnish
Viihderomaanit;Finnish
Viitetietokannat;Finnish
Viittomalaulut;Finnish
Vildmarksberättelser;Swedish
Viljateknologia;Finnish
Virallisjulkaisut;Finnish
Vironkielinen kirjallisuus;Finnish
Virret;Finnish
Virsikirjat;Finnish
Visailukysymykset;Finnish
Visor;Swedish
Visuaalinen runous;Finnish
Visual poetry;English
Visuell poesi;Swedish
Vitsar;Swedish
Vitsit;Finnish
Vittnessägner;Swedish
Vokaliisit (harjoitteet);Finnish
Vokaliser (övningsmaterial);Swedish
Vokalmusik;Swedish
Võrunkielinen kirjallisuus;Finnish
Vuosikirjat;Finnish
Vårdrekommendationer;Swedish
Väestökirjat;Finnish
Vägkartor;Swedish
Väitöskirja;Finnish
Väitöskirjat;Finnish
Väitöskirjat: humanistiset tieteet: Turku: 1967;Finnish
Väitöskirjat: humanistiset tieteet: Turku: 1982;Finnish
Väitöskirjat: humanistiset tieteet: Turku: 1996;Finnish
Väitöskirjat: humanistiset tieteet: Turku: 2001;Finnish
Väitöskirjat: humanistiset tieteet: Turku: 2012;Finnish
Väitöskirjat: humanistiset tieteet: Turku: 2015;Finnish
Väitöskirjat: kasvatustiede: Joensuu: 2002;Finnish
Väitöskirjat: lääketiede: Helsinki: 2010;Finnish
Väitöskirjat: mat-luonnontieteet: Turku: 2012;Finnish
Väitöskirjat: oikeustiede: Helsinki: 2012;Finnish
Väitöskirjat: oikeustiede: Rovaniemi: 2012;Finnish
Väitöskirjat: oikeustiede: Turku: 1995;Finnish
Väitöskirjat: oikeustiede: Turku: 2001;Finnish
Väitöskirjat: oikeustiede: Turku: 2012;Finnish
Väitöskirjat: TY: HUM: kansatiede;Finnish
Väitöskirjat: TY: HUM: kotimainen kirjallisuus;Finnish
Väitöskirjat: TY: HUM: kulttuurihistoria;Finnish
Väitöskirjat: TY: HUM: mediatutkimus;Finnish
Väitöskirjat: TY: HUM: suomalais-ugrilainen kielentutkimus;Finnish
Väitöskirjat: TY: HUM: suomen historia;Finnish
Väitöskirjat: TY: HUM: uskontotiede;Finnish
Väitöskirjat: TY: LÄÄK: hoitotiede;Finnish
Väitöskirjat: TY: LÄÄK: kliininen fysiologia;Finnish
Väitöskirjat: TY: LÄÄK: lastentautioppi;Finnish
Väitöskirjat: TY: LÄÄK: PET-keskus;Finnish
Väitöskirjat: TY: LÄÄK: radiologia;Finnish
Väitöskirjat: TY: LÄÄK: sisätautioppi;Finnish
Väitöskirjat: TY: LÄÄK: sydäntutkimuskeskus;Finnish
Väitöskirjat: TY: ML: tietojenkäsittelytiede;Finnish
Väitöskirjat: TY: ML: tähtitiede;Finnish
Väitöskirjat: TY: YHT: sosiaalipolitiikka;Finnish
Väitöskirjat: yhteiskuntatieteet: Turku: 2011;Finnish
Vändbara böcker;Swedish
Värisarjakuvat;Finnish
Värityskirjat;Finnish
Världsmusik;Swedish
Värssyt;Finnish
Västernfilmer;Swedish
Västernserier (tecknade serier);Swedish
Västernskildringar;Swedish
Wit and Humor;English
WWW-sivut;Finnish
Ydinaseet;Finnish
Yhdenpäivänromaanit;Finnish
Yhteiskunnalliset näytelmät;Finnish
Yhteiskunnalliset romaanit;Finnish
Yhteiskunnalliset runot;Finnish
Yhteiskunnalliset sarjakuvat;Finnish
Yhteiskuntakuvaus;Finnish
Yhteismusisointi;Finnish
Yhteistyöpelit;Finnish
Yksinlaulut;Finnish
Yksinpelit;Finnish
Yleisaikakauslehdet;Finnish
Yliluonnolliset olennot;Finnish
Ympäristönsuojelu;Finnish
Yrityshistoriikit;Finnish
Årsböcker;Swedish
Äktenskapsromaner;Swedish
Älykkyyspelit;Finnish
Ämnesbibliografier;Swedish
Ämnesordsregister;Swedish
Äventyrslitteratur;Swedish
Äventyrsromaner;Swedish
Äventyrsserier (tecknade serier);Swedish
Äventyrsspel;Swedish
Äänikirjat;Finnish
Äänilehdet;Finnish
Äänitehostekirjat;Finnish
Ögonblicksbilder;Swedish
Österbotten;Swedish
Överlevnadsspel;Swedish
Översikter;Swedish
Översättningar;Swedish
Övningsböcker;Swedish
Övningsmaterial;Swedish
Övningsmaterial för musik;Swedish
